domain,case_or_scenario,service,control_id,surface,label,action,required_profile,success_state,blocked_state,audit_event
PASS_TRANSMISSION,PT-001,Pass Transmission,TAB_OVERVIEW,DEAL_DETAIL,Aperçu,SHOW_TAB,GUEST,TAB_OVERVIEW,,TAB_VIEWED
PASS_TRANSMISSION,PT-001,Pass Transmission,TAB_FINANCIALS,DEAL_DETAIL,Données financières,SHOW_TAB,AUTHORIZED,TAB_FINANCIALS,ACCESS_GATE,TAB_VIEWED
PASS_TRANSMISSION,PT-001,Pass Transmission,TAB_TRANSACTION,DEAL_DETAIL,Transaction,SHOW_TAB,AUTHORIZED,TAB_TRANSACTION,ACCESS_GATE,TAB_VIEWED
PASS_TRANSMISSION,PT-001,Pass Transmission,TAB_RISKS,DEAL_DETAIL,Risques,SHOW_TAB,AUTHORIZED,TAB_RISKS,ACCESS_GATE,TAB_VIEWED
PASS_TRANSMISSION,PT-001,Pass Transmission,TAB_DOCUMENTS,DEAL_DETAIL,Documents,SHOW_TAB,AUTHORIZED,TAB_DOCUMENTS,ACCESS_GATE,TAB_VIEWED
PASS_TRANSMISSION,PT-001,Pass Transmission,TAB_QA,DEAL_DETAIL,Q&R,SHOW_TAB,AUTHORIZED,TAB_QA,ACCESS_GATE,TAB_VIEWED
PASS_TRANSMISSION,PT-001,Pass Transmission,OPEN_VDR,DEAL_DETAIL,Ouvrir la VDR,OPEN_VDR,AUTHORIZED,VDR_HOME,,VDR_OPEN_ATTEMPT
PASS_TRANSMISSION,PT-001,Pass Transmission,TOGGLE_FAVORITE,DEAL_DETAIL,Favoris,TOGGLE_FAVORITE,GUEST,FAVORITE_UPDATED,,FAVORITE_UPDATED
PASS_TRANSMISSION,PT-001,Pass Transmission,CONTACT_SELLER,DEAL_DETAIL,Contacter le cédant,REQUEST_CONTACT,AUTHORIZED,CONTACT_REQUESTED,,CONTACT_REQUEST_CREATED
PASS_TRANSMISSION,PT-001,Pass Transmission,EXPRESS_INTEREST,TRANSACTION,Manifester mon intérêt,EXPRESS_INTEREST,QUALIFIED,INTEREST_RECORDED,,INTEREST_RECORDED
PASS_TRANSMISSION,PT-001,Pass Transmission,REQUEST_MEETING,TRANSACTION,Demander une réunion management,REQUEST_MEETING,AUTHORIZED,MEETING_REQUESTED,,MEETING_REQUESTED
PASS_TRANSMISSION,PT-001,Pass Transmission,OPEN_DOCUMENT,DOCUMENTS,Ouvrir,OPEN_DOCUMENT,AUTHORIZED,DOCUMENT_VIEWER,,DOCUMENT_VIEWED
PASS_TRANSMISSION,PT-001,Pass Transmission,DOWNLOAD_DOCUMENT,VDR,Télécharger,DOWNLOAD_DOCUMENT,AUTHORIZED,DOWNLOAD_ALLOWED,DOWNLOAD_BLOCKED,DOWNLOAD_ATTEMPT
PASS_TRANSMISSION,PT-001,Pass Transmission,ASK_QUESTION,QA,Poser une question,ASK_QUESTION,AUTHORIZED,QUESTION_CREATED,,QUESTION_CREATED
PASS_TRANSMISSION,PT-001,Pass Transmission,DEV_SET_PROFILE,DEV_TOOLS,Profil d’accès,SET_PROFILE,GUEST,PROFILE_CHANGED,,DEV_PROFILE_CHANGED
PASS_TRANSMISSION,PT-001,Pass Transmission,NAV_OPPORTUNITIES,GLOBAL_NAV,Entreprises à céder,NAVIGATE_REFERENCE,GUEST,TAB_OVERVIEW,,NAVIGATION
PASS_TRANSMISSION,PT-001,Pass Transmission,NAV_BUYERS,GLOBAL_NAV,Repreneurs,OUT_OF_FIXTURE_SCOPE,GUEST,SCOPE_NOTICE,,NAVIGATION
PASS_TRANSMISSION,PT-001,Pass Transmission,NAV_SERVICES,GLOBAL_NAV,Services,OUT_OF_FIXTURE_SCOPE,GUEST,SCOPE_NOTICE,,NAVIGATION
PASS_TRANSMISSION,PT-001,Pass Transmission,NAV_RESOURCES,GLOBAL_NAV,Ressources,OUT_OF_FIXTURE_SCOPE,GUEST,SCOPE_NOTICE,,NAVIGATION
PASS_TRANSMISSION,PT-001,Pass Transmission,NAV_ABOUT,GLOBAL_NAV,À propos,OUT_OF_FIXTURE_SCOPE,GUEST,SCOPE_NOTICE,,NAVIGATION
PASS_TRANSMISSION,PT-001,Pass Transmission,BACK_TO_OPPORTUNITIES,DEAL_DETAIL,Retour aux opportunités,OUT_OF_FIXTURE_SCOPE,GUEST,SCOPE_NOTICE,,NAVIGATION
PASS_TRANSMISSION,PT-001,Pass Transmission,DOCUMENT_SEARCH,DOCUMENTS,Rechercher un document,FILTER_INPUT,AUTHORIZED,FILTER_APPLIED,,FILTER_APPLIED
PASS_TRANSMISSION,PT-001,Pass Transmission,DOCUMENT_FOLDER_FILTER,DOCUMENTS,Filtrer par dossier,FILTER_SELECT,AUTHORIZED,FILTER_APPLIED,,FILTER_APPLIED
PASS_TRANSMISSION,PT-001,Pass Transmission,QA_STATUS_FILTER,QA,Filtrer les Q&R,FILTER_SELECT,AUTHORIZED,FILTER_APPLIED,,FILTER_APPLIED
PASS_TRANSMISSION,PT-001,Pass Transmission,VDR_BACK,VDR,Retour au dossier,CLOSE_VDR,AUTHORIZED,TAB_OVERVIEW,,VDR_CLOSED
PASS_TRANSMISSION,PT-001,Pass Transmission,VDR_SEARCH,VDR,Rechercher dans la VDR,FILTER_INPUT,AUTHORIZED,FILTER_APPLIED,,FILTER_APPLIED
PASS_TRANSMISSION,PT-001,Pass Transmission,VDR_SELECT_FOLDER,VDR,Sélectionner un dossier,SELECT_FOLDER,AUTHORIZED,VDR_FOLDER_SELECTED,,VDR_FOLDER_SELECTED
PASS_TRANSMISSION,PT-001,Pass Transmission,VDR_SELECT_DOCUMENT,VDR,Sélectionner un document,SELECT_DOCUMENT,AUTHORIZED,DOCUMENT_VIEWER,,DOCUMENT_VIEWED
PASS_TRANSMISSION,PT-001,Pass Transmission,MODAL_CLOSE,MODAL,Fermer,CLOSE_MODAL,GUEST,MODAL_CLOSED,,MODAL_CLOSED
PASS_TRANSMISSION,PT-001,Pass Transmission,QUESTION_SUBMIT,QA,Créer la question,SUBMIT_QUESTION,AUTHORIZED,QUESTION_CREATED,,QUESTION_CREATED
PASS_TRANSMISSION,PT-001,Pass Transmission,QUESTION_TEXT_INPUT,QA,Texte de la question,INPUT_TEXT,AUTHORIZED,DRAFT_UPDATED,,QUESTION_TEXT_CHANGED
PASS_TRANSMISSION,PT-002,Pass Transmission,TAB_OVERVIEW,DEAL_DETAIL,Aperçu,SHOW_TAB,GUEST,TAB_OVERVIEW,,TAB_VIEWED
PASS_TRANSMISSION,PT-002,Pass Transmission,TAB_FINANCIALS,DEAL_DETAIL,Données financières,SHOW_TAB,AUTHORIZED,TAB_FINANCIALS,ACCESS_GATE,TAB_VIEWED
PASS_TRANSMISSION,PT-002,Pass Transmission,TAB_TRANSACTION,DEAL_DETAIL,Transaction,SHOW_TAB,AUTHORIZED,TAB_TRANSACTION,ACCESS_GATE,TAB_VIEWED
PASS_TRANSMISSION,PT-002,Pass Transmission,TAB_RISKS,DEAL_DETAIL,Risques,SHOW_TAB,AUTHORIZED,TAB_RISKS,ACCESS_GATE,TAB_VIEWED
PASS_TRANSMISSION,PT-002,Pass Transmission,TAB_DOCUMENTS,DEAL_DETAIL,Documents,SHOW_TAB,AUTHORIZED,TAB_DOCUMENTS,ACCESS_GATE,TAB_VIEWED
PASS_TRANSMISSION,PT-002,Pass Transmission,TAB_QA,DEAL_DETAIL,Q&R,SHOW_TAB,AUTHORIZED,TAB_QA,ACCESS_GATE,TAB_VIEWED
PASS_TRANSMISSION,PT-002,Pass Transmission,OPEN_VDR,DEAL_DETAIL,Ouvrir la VDR,OPEN_VDR,AUTHORIZED,VDR_HOME,,VDR_OPEN_ATTEMPT
PASS_TRANSMISSION,PT-002,Pass Transmission,TOGGLE_FAVORITE,DEAL_DETAIL,Favoris,TOGGLE_FAVORITE,GUEST,FAVORITE_UPDATED,,FAVORITE_UPDATED
PASS_TRANSMISSION,PT-002,Pass Transmission,CONTACT_SELLER,DEAL_DETAIL,Contacter le cédant,REQUEST_CONTACT,AUTHORIZED,CONTACT_REQUESTED,,CONTACT_REQUEST_CREATED
PASS_TRANSMISSION,PT-002,Pass Transmission,EXPRESS_INTEREST,TRANSACTION,Manifester mon intérêt,EXPRESS_INTEREST,QUALIFIED,INTEREST_RECORDED,,INTEREST_RECORDED
PASS_TRANSMISSION,PT-002,Pass Transmission,REQUEST_MEETING,TRANSACTION,Demander une réunion management,REQUEST_MEETING,AUTHORIZED,MEETING_REQUESTED,,MEETING_REQUESTED
PASS_TRANSMISSION,PT-002,Pass Transmission,OPEN_DOCUMENT,DOCUMENTS,Ouvrir,OPEN_DOCUMENT,AUTHORIZED,DOCUMENT_VIEWER,,DOCUMENT_VIEWED
PASS_TRANSMISSION,PT-002,Pass Transmission,DOWNLOAD_DOCUMENT,VDR,Télécharger,DOWNLOAD_DOCUMENT,AUTHORIZED,DOWNLOAD_ALLOWED,DOWNLOAD_BLOCKED,DOWNLOAD_ATTEMPT
PASS_TRANSMISSION,PT-002,Pass Transmission,ASK_QUESTION,QA,Poser une question,ASK_QUESTION,AUTHORIZED,QUESTION_CREATED,,QUESTION_CREATED
PASS_TRANSMISSION,PT-002,Pass Transmission,DEV_SET_PROFILE,DEV_TOOLS,Profil d’accès,SET_PROFILE,GUEST,PROFILE_CHANGED,,DEV_PROFILE_CHANGED
PASS_TRANSMISSION,PT-002,Pass Transmission,NAV_OPPORTUNITIES,GLOBAL_NAV,Entreprises à céder,NAVIGATE_REFERENCE,GUEST,TAB_OVERVIEW,,NAVIGATION
PASS_TRANSMISSION,PT-002,Pass Transmission,NAV_BUYERS,GLOBAL_NAV,Repreneurs,OUT_OF_FIXTURE_SCOPE,GUEST,SCOPE_NOTICE,,NAVIGATION
PASS_TRANSMISSION,PT-002,Pass Transmission,NAV_SERVICES,GLOBAL_NAV,Services,OUT_OF_FIXTURE_SCOPE,GUEST,SCOPE_NOTICE,,NAVIGATION
PASS_TRANSMISSION,PT-002,Pass Transmission,NAV_RESOURCES,GLOBAL_NAV,Ressources,OUT_OF_FIXTURE_SCOPE,GUEST,SCOPE_NOTICE,,NAVIGATION
PASS_TRANSMISSION,PT-002,Pass Transmission,NAV_ABOUT,GLOBAL_NAV,À propos,OUT_OF_FIXTURE_SCOPE,GUEST,SCOPE_NOTICE,,NAVIGATION
PASS_TRANSMISSION,PT-002,Pass Transmission,BACK_TO_OPPORTUNITIES,DEAL_DETAIL,Retour aux opportunités,OUT_OF_FIXTURE_SCOPE,GUEST,SCOPE_NOTICE,,NAVIGATION
PASS_TRANSMISSION,PT-002,Pass Transmission,DOCUMENT_SEARCH,DOCUMENTS,Rechercher un document,FILTER_INPUT,AUTHORIZED,FILTER_APPLIED,,FILTER_APPLIED
PASS_TRANSMISSION,PT-002,Pass Transmission,DOCUMENT_FOLDER_FILTER,DOCUMENTS,Filtrer par dossier,FILTER_SELECT,AUTHORIZED,FILTER_APPLIED,,FILTER_APPLIED
PASS_TRANSMISSION,PT-002,Pass Transmission,QA_STATUS_FILTER,QA,Filtrer les Q&R,FILTER_SELECT,AUTHORIZED,FILTER_APPLIED,,FILTER_APPLIED
PASS_TRANSMISSION,PT-002,Pass Transmission,VDR_BACK,VDR,Retour au dossier,CLOSE_VDR,AUTHORIZED,TAB_OVERVIEW,,VDR_CLOSED
PASS_TRANSMISSION,PT-002,Pass Transmission,VDR_SEARCH,VDR,Rechercher dans la VDR,FILTER_INPUT,AUTHORIZED,FILTER_APPLIED,,FILTER_APPLIED
PASS_TRANSMISSION,PT-002,Pass Transmission,VDR_SELECT_FOLDER,VDR,Sélectionner un dossier,SELECT_FOLDER,AUTHORIZED,VDR_FOLDER_SELECTED,,VDR_FOLDER_SELECTED
PASS_TRANSMISSION,PT-002,Pass Transmission,VDR_SELECT_DOCUMENT,VDR,Sélectionner un document,SELECT_DOCUMENT,AUTHORIZED,DOCUMENT_VIEWER,,DOCUMENT_VIEWED
PASS_TRANSMISSION,PT-002,Pass Transmission,MODAL_CLOSE,MODAL,Fermer,CLOSE_MODAL,GUEST,MODAL_CLOSED,,MODAL_CLOSED
PASS_TRANSMISSION,PT-002,Pass Transmission,QUESTION_SUBMIT,QA,Créer la question,SUBMIT_QUESTION,AUTHORIZED,QUESTION_CREATED,,QUESTION_CREATED
PASS_TRANSMISSION,PT-002,Pass Transmission,QUESTION_TEXT_INPUT,QA,Texte de la question,INPUT_TEXT,AUTHORIZED,DRAFT_UPDATED,,QUESTION_TEXT_CHANGED
PASS_TRANSMISSION,PT-003,Pass Transmission,TAB_OVERVIEW,DEAL_DETAIL,Aperçu,SHOW_TAB,GUEST,TAB_OVERVIEW,,TAB_VIEWED
PASS_TRANSMISSION,PT-003,Pass Transmission,TAB_FINANCIALS,DEAL_DETAIL,Données financières,SHOW_TAB,AUTHORIZED,TAB_FINANCIALS,ACCESS_GATE,TAB_VIEWED
PASS_TRANSMISSION,PT-003,Pass Transmission,TAB_TRANSACTION,DEAL_DETAIL,Transaction,SHOW_TAB,AUTHORIZED,TAB_TRANSACTION,ACCESS_GATE,TAB_VIEWED
PASS_TRANSMISSION,PT-003,Pass Transmission,TAB_RISKS,DEAL_DETAIL,Risques,SHOW_TAB,AUTHORIZED,TAB_RISKS,ACCESS_GATE,TAB_VIEWED
PASS_TRANSMISSION,PT-003,Pass Transmission,TAB_DOCUMENTS,DEAL_DETAIL,Documents,SHOW_TAB,AUTHORIZED,TAB_DOCUMENTS,ACCESS_GATE,TAB_VIEWED
PASS_TRANSMISSION,PT-003,Pass Transmission,TAB_QA,DEAL_DETAIL,Q&R,SHOW_TAB,AUTHORIZED,TAB_QA,ACCESS_GATE,TAB_VIEWED
PASS_TRANSMISSION,PT-003,Pass Transmission,OPEN_VDR,DEAL_DETAIL,Ouvrir la VDR,OPEN_VDR,AUTHORIZED,VDR_HOME,,VDR_OPEN_ATTEMPT
PASS_TRANSMISSION,PT-003,Pass Transmission,TOGGLE_FAVORITE,DEAL_DETAIL,Favoris,TOGGLE_FAVORITE,GUEST,FAVORITE_UPDATED,,FAVORITE_UPDATED
PASS_TRANSMISSION,PT-003,Pass Transmission,CONTACT_SELLER,DEAL_DETAIL,Contacter le cédant,REQUEST_CONTACT,AUTHORIZED,CONTACT_REQUESTED,,CONTACT_REQUEST_CREATED
PASS_TRANSMISSION,PT-003,Pass Transmission,EXPRESS_INTEREST,TRANSACTION,Manifester mon intérêt,EXPRESS_INTEREST,QUALIFIED,INTEREST_RECORDED,,INTEREST_RECORDED
PASS_TRANSMISSION,PT-003,Pass Transmission,REQUEST_MEETING,TRANSACTION,Demander une réunion management,REQUEST_MEETING,AUTHORIZED,MEETING_REQUESTED,,MEETING_REQUESTED
PASS_TRANSMISSION,PT-003,Pass Transmission,OPEN_DOCUMENT,DOCUMENTS,Ouvrir,OPEN_DOCUMENT,AUTHORIZED,DOCUMENT_VIEWER,,DOCUMENT_VIEWED
PASS_TRANSMISSION,PT-003,Pass Transmission,DOWNLOAD_DOCUMENT,VDR,Télécharger,DOWNLOAD_DOCUMENT,AUTHORIZED,DOWNLOAD_ALLOWED,DOWNLOAD_BLOCKED,DOWNLOAD_ATTEMPT
PASS_TRANSMISSION,PT-003,Pass Transmission,ASK_QUESTION,QA,Poser une question,ASK_QUESTION,AUTHORIZED,QUESTION_CREATED,,QUESTION_CREATED
PASS_TRANSMISSION,PT-003,Pass Transmission,DEV_SET_PROFILE,DEV_TOOLS,Profil d’accès,SET_PROFILE,GUEST,PROFILE_CHANGED,,DEV_PROFILE_CHANGED
PASS_TRANSMISSION,PT-003,Pass Transmission,NAV_OPPORTUNITIES,GLOBAL_NAV,Entreprises à céder,NAVIGATE_REFERENCE,GUEST,TAB_OVERVIEW,,NAVIGATION
PASS_TRANSMISSION,PT-003,Pass Transmission,NAV_BUYERS,GLOBAL_NAV,Repreneurs,OUT_OF_FIXTURE_SCOPE,GUEST,SCOPE_NOTICE,,NAVIGATION
PASS_TRANSMISSION,PT-003,Pass Transmission,NAV_SERVICES,GLOBAL_NAV,Services,OUT_OF_FIXTURE_SCOPE,GUEST,SCOPE_NOTICE,,NAVIGATION
PASS_TRANSMISSION,PT-003,Pass Transmission,NAV_RESOURCES,GLOBAL_NAV,Ressources,OUT_OF_FIXTURE_SCOPE,GUEST,SCOPE_NOTICE,,NAVIGATION
PASS_TRANSMISSION,PT-003,Pass Transmission,NAV_ABOUT,GLOBAL_NAV,À propos,OUT_OF_FIXTURE_SCOPE,GUEST,SCOPE_NOTICE,,NAVIGATION
PASS_TRANSMISSION,PT-003,Pass Transmission,BACK_TO_OPPORTUNITIES,DEAL_DETAIL,Retour aux opportunités,OUT_OF_FIXTURE_SCOPE,GUEST,SCOPE_NOTICE,,NAVIGATION
PASS_TRANSMISSION,PT-003,Pass Transmission,DOCUMENT_SEARCH,DOCUMENTS,Rechercher un document,FILTER_INPUT,AUTHORIZED,FILTER_APPLIED,,FILTER_APPLIED
PASS_TRANSMISSION,PT-003,Pass Transmission,DOCUMENT_FOLDER_FILTER,DOCUMENTS,Filtrer par dossier,FILTER_SELECT,AUTHORIZED,FILTER_APPLIED,,FILTER_APPLIED
PASS_TRANSMISSION,PT-003,Pass Transmission,QA_STATUS_FILTER,QA,Filtrer les Q&R,FILTER_SELECT,AUTHORIZED,FILTER_APPLIED,,FILTER_APPLIED
PASS_TRANSMISSION,PT-003,Pass Transmission,VDR_BACK,VDR,Retour au dossier,CLOSE_VDR,AUTHORIZED,TAB_OVERVIEW,,VDR_CLOSED
PASS_TRANSMISSION,PT-003,Pass Transmission,VDR_SEARCH,VDR,Rechercher dans la VDR,FILTER_INPUT,AUTHORIZED,FILTER_APPLIED,,FILTER_APPLIED
PASS_TRANSMISSION,PT-003,Pass Transmission,VDR_SELECT_FOLDER,VDR,Sélectionner un dossier,SELECT_FOLDER,AUTHORIZED,VDR_FOLDER_SELECTED,,VDR_FOLDER_SELECTED
PASS_TRANSMISSION,PT-003,Pass Transmission,VDR_SELECT_DOCUMENT,VDR,Sélectionner un document,SELECT_DOCUMENT,AUTHORIZED,DOCUMENT_VIEWER,,DOCUMENT_VIEWED
PASS_TRANSMISSION,PT-003,Pass Transmission,MODAL_CLOSE,MODAL,Fermer,CLOSE_MODAL,GUEST,MODAL_CLOSED,,MODAL_CLOSED
PASS_TRANSMISSION,PT-003,Pass Transmission,QUESTION_SUBMIT,QA,Créer la question,SUBMIT_QUESTION,AUTHORIZED,QUESTION_CREATED,,QUESTION_CREATED
PASS_TRANSMISSION,PT-003,Pass Transmission,QUESTION_TEXT_INPUT,QA,Texte de la question,INPUT_TEXT,AUTHORIZED,DRAFT_UPDATED,,QUESTION_TEXT_CHANGED
PASS_TRANSMISSION,PT-004,Pass Transmission,TAB_OVERVIEW,DEAL_DETAIL,Aperçu,SHOW_TAB,GUEST,TAB_OVERVIEW,,TAB_VIEWED
PASS_TRANSMISSION,PT-004,Pass Transmission,TAB_FINANCIALS,DEAL_DETAIL,Données financières,SHOW_TAB,AUTHORIZED,TAB_FINANCIALS,ACCESS_GATE,TAB_VIEWED
PASS_TRANSMISSION,PT-004,Pass Transmission,TAB_TRANSACTION,DEAL_DETAIL,Transaction,SHOW_TAB,AUTHORIZED,TAB_TRANSACTION,ACCESS_GATE,TAB_VIEWED
PASS_TRANSMISSION,PT-004,Pass Transmission,TAB_RISKS,DEAL_DETAIL,Risques,SHOW_TAB,AUTHORIZED,TAB_RISKS,ACCESS_GATE,TAB_VIEWED
PASS_TRANSMISSION,PT-004,Pass Transmission,TAB_DOCUMENTS,DEAL_DETAIL,Documents,SHOW_TAB,AUTHORIZED,TAB_DOCUMENTS,ACCESS_GATE,TAB_VIEWED
PASS_TRANSMISSION,PT-004,Pass Transmission,TAB_QA,DEAL_DETAIL,Q&R,SHOW_TAB,AUTHORIZED,TAB_QA,ACCESS_GATE,TAB_VIEWED
PASS_TRANSMISSION,PT-004,Pass Transmission,OPEN_VDR,DEAL_DETAIL,Ouvrir la VDR,OPEN_VDR,AUTHORIZED,VDR_HOME,,VDR_OPEN_ATTEMPT
PASS_TRANSMISSION,PT-004,Pass Transmission,TOGGLE_FAVORITE,DEAL_DETAIL,Favoris,TOGGLE_FAVORITE,GUEST,FAVORITE_UPDATED,,FAVORITE_UPDATED
PASS_TRANSMISSION,PT-004,Pass Transmission,CONTACT_SELLER,DEAL_DETAIL,Contacter le cédant,REQUEST_CONTACT,AUTHORIZED,CONTACT_REQUESTED,,CONTACT_REQUEST_CREATED
PASS_TRANSMISSION,PT-004,Pass Transmission,EXPRESS_INTEREST,TRANSACTION,Manifester mon intérêt,EXPRESS_INTEREST,QUALIFIED,INTEREST_RECORDED,,INTEREST_RECORDED
PASS_TRANSMISSION,PT-004,Pass Transmission,REQUEST_MEETING,TRANSACTION,Demander une réunion management,REQUEST_MEETING,AUTHORIZED,MEETING_REQUESTED,,MEETING_REQUESTED
PASS_TRANSMISSION,PT-004,Pass Transmission,OPEN_DOCUMENT,DOCUMENTS,Ouvrir,OPEN_DOCUMENT,AUTHORIZED,DOCUMENT_VIEWER,,DOCUMENT_VIEWED
PASS_TRANSMISSION,PT-004,Pass Transmission,DOWNLOAD_DOCUMENT,VDR,Télécharger,DOWNLOAD_DOCUMENT,AUTHORIZED,DOWNLOAD_ALLOWED,DOWNLOAD_BLOCKED,DOWNLOAD_ATTEMPT
PASS_TRANSMISSION,PT-004,Pass Transmission,ASK_QUESTION,QA,Poser une question,ASK_QUESTION,AUTHORIZED,QUESTION_CREATED,,QUESTION_CREATED
PASS_TRANSMISSION,PT-004,Pass Transmission,DEV_SET_PROFILE,DEV_TOOLS,Profil d’accès,SET_PROFILE,GUEST,PROFILE_CHANGED,,DEV_PROFILE_CHANGED
PASS_TRANSMISSION,PT-004,Pass Transmission,NAV_OPPORTUNITIES,GLOBAL_NAV,Entreprises à céder,NAVIGATE_REFERENCE,GUEST,TAB_OVERVIEW,,NAVIGATION
PASS_TRANSMISSION,PT-004,Pass Transmission,NAV_BUYERS,GLOBAL_NAV,Repreneurs,OUT_OF_FIXTURE_SCOPE,GUEST,SCOPE_NOTICE,,NAVIGATION
PASS_TRANSMISSION,PT-004,Pass Transmission,NAV_SERVICES,GLOBAL_NAV,Services,OUT_OF_FIXTURE_SCOPE,GUEST,SCOPE_NOTICE,,NAVIGATION
PASS_TRANSMISSION,PT-004,Pass Transmission,NAV_RESOURCES,GLOBAL_NAV,Ressources,OUT_OF_FIXTURE_SCOPE,GUEST,SCOPE_NOTICE,,NAVIGATION
PASS_TRANSMISSION,PT-004,Pass Transmission,NAV_ABOUT,GLOBAL_NAV,À propos,OUT_OF_FIXTURE_SCOPE,GUEST,SCOPE_NOTICE,,NAVIGATION
PASS_TRANSMISSION,PT-004,Pass Transmission,BACK_TO_OPPORTUNITIES,DEAL_DETAIL,Retour aux opportunités,OUT_OF_FIXTURE_SCOPE,GUEST,SCOPE_NOTICE,,NAVIGATION
PASS_TRANSMISSION,PT-004,Pass Transmission,DOCUMENT_SEARCH,DOCUMENTS,Rechercher un document,FILTER_INPUT,AUTHORIZED,FILTER_APPLIED,,FILTER_APPLIED
PASS_TRANSMISSION,PT-004,Pass Transmission,DOCUMENT_FOLDER_FILTER,DOCUMENTS,Filtrer par dossier,FILTER_SELECT,AUTHORIZED,FILTER_APPLIED,,FILTER_APPLIED
PASS_TRANSMISSION,PT-004,Pass Transmission,QA_STATUS_FILTER,QA,Filtrer les Q&R,FILTER_SELECT,AUTHORIZED,FILTER_APPLIED,,FILTER_APPLIED
PASS_TRANSMISSION,PT-004,Pass Transmission,VDR_BACK,VDR,Retour au dossier,CLOSE_VDR,AUTHORIZED,TAB_OVERVIEW,,VDR_CLOSED
PASS_TRANSMISSION,PT-004,Pass Transmission,VDR_SEARCH,VDR,Rechercher dans la VDR,FILTER_INPUT,AUTHORIZED,FILTER_APPLIED,,FILTER_APPLIED
PASS_TRANSMISSION,PT-004,Pass Transmission,VDR_SELECT_FOLDER,VDR,Sélectionner un dossier,SELECT_FOLDER,AUTHORIZED,VDR_FOLDER_SELECTED,,VDR_FOLDER_SELECTED
PASS_TRANSMISSION,PT-004,Pass Transmission,VDR_SELECT_DOCUMENT,VDR,Sélectionner un document,SELECT_DOCUMENT,AUTHORIZED,DOCUMENT_VIEWER,,DOCUMENT_VIEWED
PASS_TRANSMISSION,PT-004,Pass Transmission,MODAL_CLOSE,MODAL,Fermer,CLOSE_MODAL,GUEST,MODAL_CLOSED,,MODAL_CLOSED
PASS_TRANSMISSION,PT-004,Pass Transmission,QUESTION_SUBMIT,QA,Créer la question,SUBMIT_QUESTION,AUTHORIZED,QUESTION_CREATED,,QUESTION_CREATED
PASS_TRANSMISSION,PT-004,Pass Transmission,QUESTION_TEXT_INPUT,QA,Texte de la question,INPUT_TEXT,AUTHORIZED,DRAFT_UPDATED,,QUESTION_TEXT_CHANGED
PASS_TRANSMISSION,PT-005,Pass Transmission,TAB_OVERVIEW,DEAL_DETAIL,Aperçu,SHOW_TAB,GUEST,TAB_OVERVIEW,,TAB_VIEWED
PASS_TRANSMISSION,PT-005,Pass Transmission,TAB_FINANCIALS,DEAL_DETAIL,Données financières,SHOW_TAB,AUTHORIZED,TAB_FINANCIALS,ACCESS_GATE,TAB_VIEWED
PASS_TRANSMISSION,PT-005,Pass Transmission,TAB_TRANSACTION,DEAL_DETAIL,Transaction,SHOW_TAB,AUTHORIZED,TAB_TRANSACTION,ACCESS_GATE,TAB_VIEWED
PASS_TRANSMISSION,PT-005,Pass Transmission,TAB_RISKS,DEAL_DETAIL,Risques,SHOW_TAB,AUTHORIZED,TAB_RISKS,ACCESS_GATE,TAB_VIEWED
PASS_TRANSMISSION,PT-005,Pass Transmission,TAB_DOCUMENTS,DEAL_DETAIL,Documents,SHOW_TAB,AUTHORIZED,TAB_DOCUMENTS,ACCESS_GATE,TAB_VIEWED
PASS_TRANSMISSION,PT-005,Pass Transmission,TAB_QA,DEAL_DETAIL,Q&R,SHOW_TAB,AUTHORIZED,TAB_QA,ACCESS_GATE,TAB_VIEWED
PASS_TRANSMISSION,PT-005,Pass Transmission,OPEN_VDR,DEAL_DETAIL,Ouvrir la VDR,OPEN_VDR,AUTHORIZED,VDR_HOME,,VDR_OPEN_ATTEMPT
PASS_TRANSMISSION,PT-005,Pass Transmission,TOGGLE_FAVORITE,DEAL_DETAIL,Favoris,TOGGLE_FAVORITE,GUEST,FAVORITE_UPDATED,,FAVORITE_UPDATED
PASS_TRANSMISSION,PT-005,Pass Transmission,CONTACT_SELLER,DEAL_DETAIL,Contacter le cédant,REQUEST_CONTACT,AUTHORIZED,CONTACT_REQUESTED,,CONTACT_REQUEST_CREATED
PASS_TRANSMISSION,PT-005,Pass Transmission,EXPRESS_INTEREST,TRANSACTION,Manifester mon intérêt,EXPRESS_INTEREST,QUALIFIED,INTEREST_RECORDED,,INTEREST_RECORDED
PASS_TRANSMISSION,PT-005,Pass Transmission,REQUEST_MEETING,TRANSACTION,Demander une réunion management,REQUEST_MEETING,AUTHORIZED,MEETING_REQUESTED,,MEETING_REQUESTED
PASS_TRANSMISSION,PT-005,Pass Transmission,OPEN_DOCUMENT,DOCUMENTS,Ouvrir,OPEN_DOCUMENT,AUTHORIZED,DOCUMENT_VIEWER,,DOCUMENT_VIEWED
PASS_TRANSMISSION,PT-005,Pass Transmission,DOWNLOAD_DOCUMENT,VDR,Télécharger,DOWNLOAD_DOCUMENT,AUTHORIZED,DOWNLOAD_ALLOWED,DOWNLOAD_BLOCKED,DOWNLOAD_ATTEMPT
PASS_TRANSMISSION,PT-005,Pass Transmission,ASK_QUESTION,QA,Poser une question,ASK_QUESTION,AUTHORIZED,QUESTION_CREATED,,QUESTION_CREATED
PASS_TRANSMISSION,PT-005,Pass Transmission,DEV_SET_PROFILE,DEV_TOOLS,Profil d’accès,SET_PROFILE,GUEST,PROFILE_CHANGED,,DEV_PROFILE_CHANGED
PASS_TRANSMISSION,PT-005,Pass Transmission,NAV_OPPORTUNITIES,GLOBAL_NAV,Entreprises à céder,NAVIGATE_REFERENCE,GUEST,TAB_OVERVIEW,,NAVIGATION
PASS_TRANSMISSION,PT-005,Pass Transmission,NAV_BUYERS,GLOBAL_NAV,Repreneurs,OUT_OF_FIXTURE_SCOPE,GUEST,SCOPE_NOTICE,,NAVIGATION
PASS_TRANSMISSION,PT-005,Pass Transmission,NAV_SERVICES,GLOBAL_NAV,Services,OUT_OF_FIXTURE_SCOPE,GUEST,SCOPE_NOTICE,,NAVIGATION
PASS_TRANSMISSION,PT-005,Pass Transmission,NAV_RESOURCES,GLOBAL_NAV,Ressources,OUT_OF_FIXTURE_SCOPE,GUEST,SCOPE_NOTICE,,NAVIGATION
PASS_TRANSMISSION,PT-005,Pass Transmission,NAV_ABOUT,GLOBAL_NAV,À propos,OUT_OF_FIXTURE_SCOPE,GUEST,SCOPE_NOTICE,,NAVIGATION
PASS_TRANSMISSION,PT-005,Pass Transmission,BACK_TO_OPPORTUNITIES,DEAL_DETAIL,Retour aux opportunités,OUT_OF_FIXTURE_SCOPE,GUEST,SCOPE_NOTICE,,NAVIGATION
PASS_TRANSMISSION,PT-005,Pass Transmission,DOCUMENT_SEARCH,DOCUMENTS,Rechercher un document,FILTER_INPUT,AUTHORIZED,FILTER_APPLIED,,FILTER_APPLIED
PASS_TRANSMISSION,PT-005,Pass Transmission,DOCUMENT_FOLDER_FILTER,DOCUMENTS,Filtrer par dossier,FILTER_SELECT,AUTHORIZED,FILTER_APPLIED,,FILTER_APPLIED
PASS_TRANSMISSION,PT-005,Pass Transmission,QA_STATUS_FILTER,QA,Filtrer les Q&R,FILTER_SELECT,AUTHORIZED,FILTER_APPLIED,,FILTER_APPLIED
PASS_TRANSMISSION,PT-005,Pass Transmission,VDR_BACK,VDR,Retour au dossier,CLOSE_VDR,AUTHORIZED,TAB_OVERVIEW,,VDR_CLOSED
PASS_TRANSMISSION,PT-005,Pass Transmission,VDR_SEARCH,VDR,Rechercher dans la VDR,FILTER_INPUT,AUTHORIZED,FILTER_APPLIED,,FILTER_APPLIED
PASS_TRANSMISSION,PT-005,Pass Transmission,VDR_SELECT_FOLDER,VDR,Sélectionner un dossier,SELECT_FOLDER,AUTHORIZED,VDR_FOLDER_SELECTED,,VDR_FOLDER_SELECTED
PASS_TRANSMISSION,PT-005,Pass Transmission,VDR_SELECT_DOCUMENT,VDR,Sélectionner un document,SELECT_DOCUMENT,AUTHORIZED,DOCUMENT_VIEWER,,DOCUMENT_VIEWED
PASS_TRANSMISSION,PT-005,Pass Transmission,MODAL_CLOSE,MODAL,Fermer,CLOSE_MODAL,GUEST,MODAL_CLOSED,,MODAL_CLOSED
PASS_TRANSMISSION,PT-005,Pass Transmission,QUESTION_SUBMIT,QA,Créer la question,SUBMIT_QUESTION,AUTHORIZED,QUESTION_CREATED,,QUESTION_CREATED
PASS_TRANSMISSION,PT-005,Pass Transmission,QUESTION_TEXT_INPUT,QA,Texte de la question,INPUT_TEXT,AUTHORIZED,DRAFT_UPDATED,,QUESTION_TEXT_CHANGED
PASS_TRANSMISSION,PT-006,Pass Transmission,TAB_OVERVIEW,DEAL_DETAIL,Aperçu,SHOW_TAB,GUEST,TAB_OVERVIEW,,TAB_VIEWED
PASS_TRANSMISSION,PT-006,Pass Transmission,TAB_FINANCIALS,DEAL_DETAIL,Données financières,SHOW_TAB,AUTHORIZED,TAB_FINANCIALS,ACCESS_GATE,TAB_VIEWED
PASS_TRANSMISSION,PT-006,Pass Transmission,TAB_TRANSACTION,DEAL_DETAIL,Transaction,SHOW_TAB,AUTHORIZED,TAB_TRANSACTION,ACCESS_GATE,TAB_VIEWED
PASS_TRANSMISSION,PT-006,Pass Transmission,TAB_RISKS,DEAL_DETAIL,Risques,SHOW_TAB,AUTHORIZED,TAB_RISKS,ACCESS_GATE,TAB_VIEWED
PASS_TRANSMISSION,PT-006,Pass Transmission,TAB_DOCUMENTS,DEAL_DETAIL,Documents,SHOW_TAB,AUTHORIZED,TAB_DOCUMENTS,ACCESS_GATE,TAB_VIEWED
PASS_TRANSMISSION,PT-006,Pass Transmission,TAB_QA,DEAL_DETAIL,Q&R,SHOW_TAB,AUTHORIZED,TAB_QA,ACCESS_GATE,TAB_VIEWED
PASS_TRANSMISSION,PT-006,Pass Transmission,OPEN_VDR,DEAL_DETAIL,Ouvrir la VDR,OPEN_VDR,AUTHORIZED,VDR_HOME,,VDR_OPEN_ATTEMPT
PASS_TRANSMISSION,PT-006,Pass Transmission,TOGGLE_FAVORITE,DEAL_DETAIL,Favoris,TOGGLE_FAVORITE,GUEST,FAVORITE_UPDATED,,FAVORITE_UPDATED
PASS_TRANSMISSION,PT-006,Pass Transmission,CONTACT_SELLER,DEAL_DETAIL,Contacter le cédant,REQUEST_CONTACT,AUTHORIZED,CONTACT_REQUESTED,,CONTACT_REQUEST_CREATED
PASS_TRANSMISSION,PT-006,Pass Transmission,EXPRESS_INTEREST,TRANSACTION,Manifester mon intérêt,EXPRESS_INTEREST,QUALIFIED,INTEREST_RECORDED,,INTEREST_RECORDED
PASS_TRANSMISSION,PT-006,Pass Transmission,REQUEST_MEETING,TRANSACTION,Demander une réunion management,REQUEST_MEETING,AUTHORIZED,MEETING_REQUESTED,,MEETING_REQUESTED
PASS_TRANSMISSION,PT-006,Pass Transmission,OPEN_DOCUMENT,DOCUMENTS,Ouvrir,OPEN_DOCUMENT,AUTHORIZED,DOCUMENT_VIEWER,,DOCUMENT_VIEWED
PASS_TRANSMISSION,PT-006,Pass Transmission,DOWNLOAD_DOCUMENT,VDR,Télécharger,DOWNLOAD_DOCUMENT,AUTHORIZED,DOWNLOAD_ALLOWED,DOWNLOAD_BLOCKED,DOWNLOAD_ATTEMPT
PASS_TRANSMISSION,PT-006,Pass Transmission,ASK_QUESTION,QA,Poser une question,ASK_QUESTION,AUTHORIZED,QUESTION_CREATED,,QUESTION_CREATED
PASS_TRANSMISSION,PT-006,Pass Transmission,DEV_SET_PROFILE,DEV_TOOLS,Profil d’accès,SET_PROFILE,GUEST,PROFILE_CHANGED,,DEV_PROFILE_CHANGED
PASS_TRANSMISSION,PT-006,Pass Transmission,NAV_OPPORTUNITIES,GLOBAL_NAV,Entreprises à céder,NAVIGATE_REFERENCE,GUEST,TAB_OVERVIEW,,NAVIGATION
PASS_TRANSMISSION,PT-006,Pass Transmission,NAV_BUYERS,GLOBAL_NAV,Repreneurs,OUT_OF_FIXTURE_SCOPE,GUEST,SCOPE_NOTICE,,NAVIGATION
PASS_TRANSMISSION,PT-006,Pass Transmission,NAV_SERVICES,GLOBAL_NAV,Services,OUT_OF_FIXTURE_SCOPE,GUEST,SCOPE_NOTICE,,NAVIGATION
PASS_TRANSMISSION,PT-006,Pass Transmission,NAV_RESOURCES,GLOBAL_NAV,Ressources,OUT_OF_FIXTURE_SCOPE,GUEST,SCOPE_NOTICE,,NAVIGATION
PASS_TRANSMISSION,PT-006,Pass Transmission,NAV_ABOUT,GLOBAL_NAV,À propos,OUT_OF_FIXTURE_SCOPE,GUEST,SCOPE_NOTICE,,NAVIGATION
PASS_TRANSMISSION,PT-006,Pass Transmission,BACK_TO_OPPORTUNITIES,DEAL_DETAIL,Retour aux opportunités,OUT_OF_FIXTURE_SCOPE,GUEST,SCOPE_NOTICE,,NAVIGATION
PASS_TRANSMISSION,PT-006,Pass Transmission,DOCUMENT_SEARCH,DOCUMENTS,Rechercher un document,FILTER_INPUT,AUTHORIZED,FILTER_APPLIED,,FILTER_APPLIED
PASS_TRANSMISSION,PT-006,Pass Transmission,DOCUMENT_FOLDER_FILTER,DOCUMENTS,Filtrer par dossier,FILTER_SELECT,AUTHORIZED,FILTER_APPLIED,,FILTER_APPLIED
PASS_TRANSMISSION,PT-006,Pass Transmission,QA_STATUS_FILTER,QA,Filtrer les Q&R,FILTER_SELECT,AUTHORIZED,FILTER_APPLIED,,FILTER_APPLIED
PASS_TRANSMISSION,PT-006,Pass Transmission,VDR_BACK,VDR,Retour au dossier,CLOSE_VDR,AUTHORIZED,TAB_OVERVIEW,,VDR_CLOSED
PASS_TRANSMISSION,PT-006,Pass Transmission,VDR_SEARCH,VDR,Rechercher dans la VDR,FILTER_INPUT,AUTHORIZED,FILTER_APPLIED,,FILTER_APPLIED
PASS_TRANSMISSION,PT-006,Pass Transmission,VDR_SELECT_FOLDER,VDR,Sélectionner un dossier,SELECT_FOLDER,AUTHORIZED,VDR_FOLDER_SELECTED,,VDR_FOLDER_SELECTED
PASS_TRANSMISSION,PT-006,Pass Transmission,VDR_SELECT_DOCUMENT,VDR,Sélectionner un document,SELECT_DOCUMENT,AUTHORIZED,DOCUMENT_VIEWER,,DOCUMENT_VIEWED
PASS_TRANSMISSION,PT-006,Pass Transmission,MODAL_CLOSE,MODAL,Fermer,CLOSE_MODAL,GUEST,MODAL_CLOSED,,MODAL_CLOSED
PASS_TRANSMISSION,PT-006,Pass Transmission,QUESTION_SUBMIT,QA,Créer la question,SUBMIT_QUESTION,AUTHORIZED,QUESTION_CREATED,,QUESTION_CREATED
PASS_TRANSMISSION,PT-006,Pass Transmission,QUESTION_TEXT_INPUT,QA,Texte de la question,INPUT_TEXT,AUTHORIZED,DRAFT_UPDATED,,QUESTION_TEXT_CHANGED
PASS_TRANSMISSION,PT-007,Pass Transmission,TAB_OVERVIEW,DEAL_DETAIL,Aperçu,SHOW_TAB,GUEST,TAB_OVERVIEW,,TAB_VIEWED
PASS_TRANSMISSION,PT-007,Pass Transmission,TAB_FINANCIALS,DEAL_DETAIL,Données financières,SHOW_TAB,AUTHORIZED,TAB_FINANCIALS,ACCESS_GATE,TAB_VIEWED
PASS_TRANSMISSION,PT-007,Pass Transmission,TAB_TRANSACTION,DEAL_DETAIL,Transaction,SHOW_TAB,AUTHORIZED,TAB_TRANSACTION,ACCESS_GATE,TAB_VIEWED
PASS_TRANSMISSION,PT-007,Pass Transmission,TAB_RISKS,DEAL_DETAIL,Risques,SHOW_TAB,AUTHORIZED,TAB_RISKS,ACCESS_GATE,TAB_VIEWED
PASS_TRANSMISSION,PT-007,Pass Transmission,TAB_DOCUMENTS,DEAL_DETAIL,Documents,SHOW_TAB,AUTHORIZED,TAB_DOCUMENTS,ACCESS_GATE,TAB_VIEWED
PASS_TRANSMISSION,PT-007,Pass Transmission,TAB_QA,DEAL_DETAIL,Q&R,SHOW_TAB,AUTHORIZED,TAB_QA,ACCESS_GATE,TAB_VIEWED
PASS_TRANSMISSION,PT-007,Pass Transmission,OPEN_VDR,DEAL_DETAIL,Ouvrir la VDR,OPEN_VDR,AUTHORIZED,VDR_HOME,,VDR_OPEN_ATTEMPT
PASS_TRANSMISSION,PT-007,Pass Transmission,TOGGLE_FAVORITE,DEAL_DETAIL,Favoris,TOGGLE_FAVORITE,GUEST,FAVORITE_UPDATED,,FAVORITE_UPDATED
PASS_TRANSMISSION,PT-007,Pass Transmission,CONTACT_SELLER,DEAL_DETAIL,Contacter le cédant,REQUEST_CONTACT,AUTHORIZED,CONTACT_REQUESTED,,CONTACT_REQUEST_CREATED
PASS_TRANSMISSION,PT-007,Pass Transmission,EXPRESS_INTEREST,TRANSACTION,Manifester mon intérêt,EXPRESS_INTEREST,QUALIFIED,INTEREST_RECORDED,,INTEREST_RECORDED
PASS_TRANSMISSION,PT-007,Pass Transmission,REQUEST_MEETING,TRANSACTION,Demander une réunion management,REQUEST_MEETING,AUTHORIZED,MEETING_REQUESTED,,MEETING_REQUESTED
PASS_TRANSMISSION,PT-007,Pass Transmission,OPEN_DOCUMENT,DOCUMENTS,Ouvrir,OPEN_DOCUMENT,AUTHORIZED,DOCUMENT_VIEWER,,DOCUMENT_VIEWED
PASS_TRANSMISSION,PT-007,Pass Transmission,DOWNLOAD_DOCUMENT,VDR,Télécharger,DOWNLOAD_DOCUMENT,AUTHORIZED,DOWNLOAD_ALLOWED,DOWNLOAD_BLOCKED,DOWNLOAD_ATTEMPT
PASS_TRANSMISSION,PT-007,Pass Transmission,ASK_QUESTION,QA,Poser une question,ASK_QUESTION,AUTHORIZED,QUESTION_CREATED,,QUESTION_CREATED
PASS_TRANSMISSION,PT-007,Pass Transmission,DEV_SET_PROFILE,DEV_TOOLS,Profil d’accès,SET_PROFILE,GUEST,PROFILE_CHANGED,,DEV_PROFILE_CHANGED
PASS_TRANSMISSION,PT-007,Pass Transmission,NAV_OPPORTUNITIES,GLOBAL_NAV,Entreprises à céder,NAVIGATE_REFERENCE,GUEST,TAB_OVERVIEW,,NAVIGATION
PASS_TRANSMISSION,PT-007,Pass Transmission,NAV_BUYERS,GLOBAL_NAV,Repreneurs,OUT_OF_FIXTURE_SCOPE,GUEST,SCOPE_NOTICE,,NAVIGATION
PASS_TRANSMISSION,PT-007,Pass Transmission,NAV_SERVICES,GLOBAL_NAV,Services,OUT_OF_FIXTURE_SCOPE,GUEST,SCOPE_NOTICE,,NAVIGATION
PASS_TRANSMISSION,PT-007,Pass Transmission,NAV_RESOURCES,GLOBAL_NAV,Ressources,OUT_OF_FIXTURE_SCOPE,GUEST,SCOPE_NOTICE,,NAVIGATION
PASS_TRANSMISSION,PT-007,Pass Transmission,NAV_ABOUT,GLOBAL_NAV,À propos,OUT_OF_FIXTURE_SCOPE,GUEST,SCOPE_NOTICE,,NAVIGATION
PASS_TRANSMISSION,PT-007,Pass Transmission,BACK_TO_OPPORTUNITIES,DEAL_DETAIL,Retour aux opportunités,OUT_OF_FIXTURE_SCOPE,GUEST,SCOPE_NOTICE,,NAVIGATION
PASS_TRANSMISSION,PT-007,Pass Transmission,DOCUMENT_SEARCH,DOCUMENTS,Rechercher un document,FILTER_INPUT,AUTHORIZED,FILTER_APPLIED,,FILTER_APPLIED
PASS_TRANSMISSION,PT-007,Pass Transmission,DOCUMENT_FOLDER_FILTER,DOCUMENTS,Filtrer par dossier,FILTER_SELECT,AUTHORIZED,FILTER_APPLIED,,FILTER_APPLIED
PASS_TRANSMISSION,PT-007,Pass Transmission,QA_STATUS_FILTER,QA,Filtrer les Q&R,FILTER_SELECT,AUTHORIZED,FILTER_APPLIED,,FILTER_APPLIED
PASS_TRANSMISSION,PT-007,Pass Transmission,VDR_BACK,VDR,Retour au dossier,CLOSE_VDR,AUTHORIZED,TAB_OVERVIEW,,VDR_CLOSED
PASS_TRANSMISSION,PT-007,Pass Transmission,VDR_SEARCH,VDR,Rechercher dans la VDR,FILTER_INPUT,AUTHORIZED,FILTER_APPLIED,,FILTER_APPLIED
PASS_TRANSMISSION,PT-007,Pass Transmission,VDR_SELECT_FOLDER,VDR,Sélectionner un dossier,SELECT_FOLDER,AUTHORIZED,VDR_FOLDER_SELECTED,,VDR_FOLDER_SELECTED
PASS_TRANSMISSION,PT-007,Pass Transmission,VDR_SELECT_DOCUMENT,VDR,Sélectionner un document,SELECT_DOCUMENT,AUTHORIZED,DOCUMENT_VIEWER,,DOCUMENT_VIEWED
PASS_TRANSMISSION,PT-007,Pass Transmission,MODAL_CLOSE,MODAL,Fermer,CLOSE_MODAL,GUEST,MODAL_CLOSED,,MODAL_CLOSED
PASS_TRANSMISSION,PT-007,Pass Transmission,QUESTION_SUBMIT,QA,Créer la question,SUBMIT_QUESTION,AUTHORIZED,QUESTION_CREATED,,QUESTION_CREATED
PASS_TRANSMISSION,PT-007,Pass Transmission,QUESTION_TEXT_INPUT,QA,Texte de la question,INPUT_TEXT,AUTHORIZED,DRAFT_UPDATED,,QUESTION_TEXT_CHANGED
PASS_TRANSMISSION,PT-008,Pass Transmission,TAB_OVERVIEW,DEAL_DETAIL,Aperçu,SHOW_TAB,GUEST,TAB_OVERVIEW,,TAB_VIEWED
PASS_TRANSMISSION,PT-008,Pass Transmission,TAB_FINANCIALS,DEAL_DETAIL,Données financières,SHOW_TAB,AUTHORIZED,TAB_FINANCIALS,ACCESS_GATE,TAB_VIEWED
PASS_TRANSMISSION,PT-008,Pass Transmission,TAB_TRANSACTION,DEAL_DETAIL,Transaction,SHOW_TAB,AUTHORIZED,TAB_TRANSACTION,ACCESS_GATE,TAB_VIEWED
PASS_TRANSMISSION,PT-008,Pass Transmission,TAB_RISKS,DEAL_DETAIL,Risques,SHOW_TAB,AUTHORIZED,TAB_RISKS,ACCESS_GATE,TAB_VIEWED
PASS_TRANSMISSION,PT-008,Pass Transmission,TAB_DOCUMENTS,DEAL_DETAIL,Documents,SHOW_TAB,AUTHORIZED,TAB_DOCUMENTS,ACCESS_GATE,TAB_VIEWED
PASS_TRANSMISSION,PT-008,Pass Transmission,TAB_QA,DEAL_DETAIL,Q&R,SHOW_TAB,AUTHORIZED,TAB_QA,ACCESS_GATE,TAB_VIEWED
PASS_TRANSMISSION,PT-008,Pass Transmission,OPEN_VDR,DEAL_DETAIL,Ouvrir la VDR,OPEN_VDR,AUTHORIZED,VDR_HOME,,VDR_OPEN_ATTEMPT
PASS_TRANSMISSION,PT-008,Pass Transmission,TOGGLE_FAVORITE,DEAL_DETAIL,Favoris,TOGGLE_FAVORITE,GUEST,FAVORITE_UPDATED,,FAVORITE_UPDATED
PASS_TRANSMISSION,PT-008,Pass Transmission,CONTACT_SELLER,DEAL_DETAIL,Contacter le cédant,REQUEST_CONTACT,AUTHORIZED,CONTACT_REQUESTED,,CONTACT_REQUEST_CREATED
PASS_TRANSMISSION,PT-008,Pass Transmission,EXPRESS_INTEREST,TRANSACTION,Manifester mon intérêt,EXPRESS_INTEREST,QUALIFIED,INTEREST_RECORDED,,INTEREST_RECORDED
PASS_TRANSMISSION,PT-008,Pass Transmission,REQUEST_MEETING,TRANSACTION,Demander une réunion management,REQUEST_MEETING,AUTHORIZED,MEETING_REQUESTED,,MEETING_REQUESTED
PASS_TRANSMISSION,PT-008,Pass Transmission,OPEN_DOCUMENT,DOCUMENTS,Ouvrir,OPEN_DOCUMENT,AUTHORIZED,DOCUMENT_VIEWER,,DOCUMENT_VIEWED
PASS_TRANSMISSION,PT-008,Pass Transmission,DOWNLOAD_DOCUMENT,VDR,Télécharger,DOWNLOAD_DOCUMENT,AUTHORIZED,DOWNLOAD_ALLOWED,DOWNLOAD_BLOCKED,DOWNLOAD_ATTEMPT
PASS_TRANSMISSION,PT-008,Pass Transmission,ASK_QUESTION,QA,Poser une question,ASK_QUESTION,AUTHORIZED,QUESTION_CREATED,,QUESTION_CREATED
PASS_TRANSMISSION,PT-008,Pass Transmission,DEV_SET_PROFILE,DEV_TOOLS,Profil d’accès,SET_PROFILE,GUEST,PROFILE_CHANGED,,DEV_PROFILE_CHANGED
PASS_TRANSMISSION,PT-008,Pass Transmission,NAV_OPPORTUNITIES,GLOBAL_NAV,Entreprises à céder,NAVIGATE_REFERENCE,GUEST,TAB_OVERVIEW,,NAVIGATION
PASS_TRANSMISSION,PT-008,Pass Transmission,NAV_BUYERS,GLOBAL_NAV,Repreneurs,OUT_OF_FIXTURE_SCOPE,GUEST,SCOPE_NOTICE,,NAVIGATION
PASS_TRANSMISSION,PT-008,Pass Transmission,NAV_SERVICES,GLOBAL_NAV,Services,OUT_OF_FIXTURE_SCOPE,GUEST,SCOPE_NOTICE,,NAVIGATION
PASS_TRANSMISSION,PT-008,Pass Transmission,NAV_RESOURCES,GLOBAL_NAV,Ressources,OUT_OF_FIXTURE_SCOPE,GUEST,SCOPE_NOTICE,,NAVIGATION
PASS_TRANSMISSION,PT-008,Pass Transmission,NAV_ABOUT,GLOBAL_NAV,À propos,OUT_OF_FIXTURE_SCOPE,GUEST,SCOPE_NOTICE,,NAVIGATION
PASS_TRANSMISSION,PT-008,Pass Transmission,BACK_TO_OPPORTUNITIES,DEAL_DETAIL,Retour aux opportunités,OUT_OF_FIXTURE_SCOPE,GUEST,SCOPE_NOTICE,,NAVIGATION
PASS_TRANSMISSION,PT-008,Pass Transmission,DOCUMENT_SEARCH,DOCUMENTS,Rechercher un document,FILTER_INPUT,AUTHORIZED,FILTER_APPLIED,,FILTER_APPLIED
PASS_TRANSMISSION,PT-008,Pass Transmission,DOCUMENT_FOLDER_FILTER,DOCUMENTS,Filtrer par dossier,FILTER_SELECT,AUTHORIZED,FILTER_APPLIED,,FILTER_APPLIED
PASS_TRANSMISSION,PT-008,Pass Transmission,QA_STATUS_FILTER,QA,Filtrer les Q&R,FILTER_SELECT,AUTHORIZED,FILTER_APPLIED,,FILTER_APPLIED
PASS_TRANSMISSION,PT-008,Pass Transmission,VDR_BACK,VDR,Retour au dossier,CLOSE_VDR,AUTHORIZED,TAB_OVERVIEW,,VDR_CLOSED
PASS_TRANSMISSION,PT-008,Pass Transmission,VDR_SEARCH,VDR,Rechercher dans la VDR,FILTER_INPUT,AUTHORIZED,FILTER_APPLIED,,FILTER_APPLIED
PASS_TRANSMISSION,PT-008,Pass Transmission,VDR_SELECT_FOLDER,VDR,Sélectionner un dossier,SELECT_FOLDER,AUTHORIZED,VDR_FOLDER_SELECTED,,VDR_FOLDER_SELECTED
PASS_TRANSMISSION,PT-008,Pass Transmission,VDR_SELECT_DOCUMENT,VDR,Sélectionner un document,SELECT_DOCUMENT,AUTHORIZED,DOCUMENT_VIEWER,,DOCUMENT_VIEWED
PASS_TRANSMISSION,PT-008,Pass Transmission,MODAL_CLOSE,MODAL,Fermer,CLOSE_MODAL,GUEST,MODAL_CLOSED,,MODAL_CLOSED
PASS_TRANSMISSION,PT-008,Pass Transmission,QUESTION_SUBMIT,QA,Créer la question,SUBMIT_QUESTION,AUTHORIZED,QUESTION_CREATED,,QUESTION_CREATED
PASS_TRANSMISSION,PT-008,Pass Transmission,QUESTION_TEXT_INPUT,QA,Texte de la question,INPUT_TEXT,AUTHORIZED,DRAFT_UPDATED,,QUESTION_TEXT_CHANGED
PASS_TRANSMISSION,PT-009,Pass Transmission,TAB_OVERVIEW,DEAL_DETAIL,Aperçu,SHOW_TAB,GUEST,TAB_OVERVIEW,,TAB_VIEWED
PASS_TRANSMISSION,PT-009,Pass Transmission,TAB_FINANCIALS,DEAL_DETAIL,Données financières,SHOW_TAB,AUTHORIZED,TAB_FINANCIALS,ACCESS_GATE,TAB_VIEWED
PASS_TRANSMISSION,PT-009,Pass Transmission,TAB_TRANSACTION,DEAL_DETAIL,Transaction,SHOW_TAB,AUTHORIZED,TAB_TRANSACTION,ACCESS_GATE,TAB_VIEWED
PASS_TRANSMISSION,PT-009,Pass Transmission,TAB_RISKS,DEAL_DETAIL,Risques,SHOW_TAB,AUTHORIZED,TAB_RISKS,ACCESS_GATE,TAB_VIEWED
PASS_TRANSMISSION,PT-009,Pass Transmission,TAB_DOCUMENTS,DEAL_DETAIL,Documents,SHOW_TAB,AUTHORIZED,TAB_DOCUMENTS,ACCESS_GATE,TAB_VIEWED
PASS_TRANSMISSION,PT-009,Pass Transmission,TAB_QA,DEAL_DETAIL,Q&R,SHOW_TAB,AUTHORIZED,TAB_QA,ACCESS_GATE,TAB_VIEWED
PASS_TRANSMISSION,PT-009,Pass Transmission,OPEN_VDR,DEAL_DETAIL,Ouvrir la VDR,OPEN_VDR,AUTHORIZED,VDR_HOME,,VDR_OPEN_ATTEMPT
PASS_TRANSMISSION,PT-009,Pass Transmission,TOGGLE_FAVORITE,DEAL_DETAIL,Favoris,TOGGLE_FAVORITE,GUEST,FAVORITE_UPDATED,,FAVORITE_UPDATED
PASS_TRANSMISSION,PT-009,Pass Transmission,CONTACT_SELLER,DEAL_DETAIL,Contacter le cédant,REQUEST_CONTACT,AUTHORIZED,CONTACT_REQUESTED,,CONTACT_REQUEST_CREATED
PASS_TRANSMISSION,PT-009,Pass Transmission,EXPRESS_INTEREST,TRANSACTION,Manifester mon intérêt,EXPRESS_INTEREST,QUALIFIED,INTEREST_RECORDED,,INTEREST_RECORDED
PASS_TRANSMISSION,PT-009,Pass Transmission,REQUEST_MEETING,TRANSACTION,Demander une réunion management,REQUEST_MEETING,AUTHORIZED,MEETING_REQUESTED,,MEETING_REQUESTED
PASS_TRANSMISSION,PT-009,Pass Transmission,OPEN_DOCUMENT,DOCUMENTS,Ouvrir,OPEN_DOCUMENT,AUTHORIZED,DOCUMENT_VIEWER,,DOCUMENT_VIEWED
PASS_TRANSMISSION,PT-009,Pass Transmission,DOWNLOAD_DOCUMENT,VDR,Télécharger,DOWNLOAD_DOCUMENT,AUTHORIZED,DOWNLOAD_ALLOWED,DOWNLOAD_BLOCKED,DOWNLOAD_ATTEMPT
PASS_TRANSMISSION,PT-009,Pass Transmission,ASK_QUESTION,QA,Poser une question,ASK_QUESTION,AUTHORIZED,QUESTION_CREATED,,QUESTION_CREATED
PASS_TRANSMISSION,PT-009,Pass Transmission,DEV_SET_PROFILE,DEV_TOOLS,Profil d’accès,SET_PROFILE,GUEST,PROFILE_CHANGED,,DEV_PROFILE_CHANGED
PASS_TRANSMISSION,PT-009,Pass Transmission,NAV_OPPORTUNITIES,GLOBAL_NAV,Entreprises à céder,NAVIGATE_REFERENCE,GUEST,TAB_OVERVIEW,,NAVIGATION
PASS_TRANSMISSION,PT-009,Pass Transmission,NAV_BUYERS,GLOBAL_NAV,Repreneurs,OUT_OF_FIXTURE_SCOPE,GUEST,SCOPE_NOTICE,,NAVIGATION
PASS_TRANSMISSION,PT-009,Pass Transmission,NAV_SERVICES,GLOBAL_NAV,Services,OUT_OF_FIXTURE_SCOPE,GUEST,SCOPE_NOTICE,,NAVIGATION
PASS_TRANSMISSION,PT-009,Pass Transmission,NAV_RESOURCES,GLOBAL_NAV,Ressources,OUT_OF_FIXTURE_SCOPE,GUEST,SCOPE_NOTICE,,NAVIGATION
PASS_TRANSMISSION,PT-009,Pass Transmission,NAV_ABOUT,GLOBAL_NAV,À propos,OUT_OF_FIXTURE_SCOPE,GUEST,SCOPE_NOTICE,,NAVIGATION
PASS_TRANSMISSION,PT-009,Pass Transmission,BACK_TO_OPPORTUNITIES,DEAL_DETAIL,Retour aux opportunités,OUT_OF_FIXTURE_SCOPE,GUEST,SCOPE_NOTICE,,NAVIGATION
PASS_TRANSMISSION,PT-009,Pass Transmission,DOCUMENT_SEARCH,DOCUMENTS,Rechercher un document,FILTER_INPUT,AUTHORIZED,FILTER_APPLIED,,FILTER_APPLIED
PASS_TRANSMISSION,PT-009,Pass Transmission,DOCUMENT_FOLDER_FILTER,DOCUMENTS,Filtrer par dossier,FILTER_SELECT,AUTHORIZED,FILTER_APPLIED,,FILTER_APPLIED
PASS_TRANSMISSION,PT-009,Pass Transmission,QA_STATUS_FILTER,QA,Filtrer les Q&R,FILTER_SELECT,AUTHORIZED,FILTER_APPLIED,,FILTER_APPLIED
PASS_TRANSMISSION,PT-009,Pass Transmission,VDR_BACK,VDR,Retour au dossier,CLOSE_VDR,AUTHORIZED,TAB_OVERVIEW,,VDR_CLOSED
PASS_TRANSMISSION,PT-009,Pass Transmission,VDR_SEARCH,VDR,Rechercher dans la VDR,FILTER_INPUT,AUTHORIZED,FILTER_APPLIED,,FILTER_APPLIED
PASS_TRANSMISSION,PT-009,Pass Transmission,VDR_SELECT_FOLDER,VDR,Sélectionner un dossier,SELECT_FOLDER,AUTHORIZED,VDR_FOLDER_SELECTED,,VDR_FOLDER_SELECTED
PASS_TRANSMISSION,PT-009,Pass Transmission,VDR_SELECT_DOCUMENT,VDR,Sélectionner un document,SELECT_DOCUMENT,AUTHORIZED,DOCUMENT_VIEWER,,DOCUMENT_VIEWED
PASS_TRANSMISSION,PT-009,Pass Transmission,MODAL_CLOSE,MODAL,Fermer,CLOSE_MODAL,GUEST,MODAL_CLOSED,,MODAL_CLOSED
PASS_TRANSMISSION,PT-009,Pass Transmission,QUESTION_SUBMIT,QA,Créer la question,SUBMIT_QUESTION,AUTHORIZED,QUESTION_CREATED,,QUESTION_CREATED
PASS_TRANSMISSION,PT-009,Pass Transmission,QUESTION_TEXT_INPUT,QA,Texte de la question,INPUT_TEXT,AUTHORIZED,DRAFT_UPDATED,,QUESTION_TEXT_CHANGED
PASS_TRANSMISSION,PT-010,Pass Transmission,TAB_OVERVIEW,DEAL_DETAIL,Aperçu,SHOW_TAB,GUEST,TAB_OVERVIEW,,TAB_VIEWED
PASS_TRANSMISSION,PT-010,Pass Transmission,TAB_FINANCIALS,DEAL_DETAIL,Données financières,SHOW_TAB,AUTHORIZED,TAB_FINANCIALS,ACCESS_GATE,TAB_VIEWED
PASS_TRANSMISSION,PT-010,Pass Transmission,TAB_TRANSACTION,DEAL_DETAIL,Transaction,SHOW_TAB,AUTHORIZED,TAB_TRANSACTION,ACCESS_GATE,TAB_VIEWED
PASS_TRANSMISSION,PT-010,Pass Transmission,TAB_RISKS,DEAL_DETAIL,Risques,SHOW_TAB,AUTHORIZED,TAB_RISKS,ACCESS_GATE,TAB_VIEWED
PASS_TRANSMISSION,PT-010,Pass Transmission,TAB_DOCUMENTS,DEAL_DETAIL,Documents,SHOW_TAB,AUTHORIZED,TAB_DOCUMENTS,ACCESS_GATE,TAB_VIEWED
PASS_TRANSMISSION,PT-010,Pass Transmission,TAB_QA,DEAL_DETAIL,Q&R,SHOW_TAB,AUTHORIZED,TAB_QA,ACCESS_GATE,TAB_VIEWED
PASS_TRANSMISSION,PT-010,Pass Transmission,OPEN_VDR,DEAL_DETAIL,Ouvrir la VDR,OPEN_VDR,AUTHORIZED,VDR_HOME,,VDR_OPEN_ATTEMPT
PASS_TRANSMISSION,PT-010,Pass Transmission,TOGGLE_FAVORITE,DEAL_DETAIL,Favoris,TOGGLE_FAVORITE,GUEST,FAVORITE_UPDATED,,FAVORITE_UPDATED
PASS_TRANSMISSION,PT-010,Pass Transmission,CONTACT_SELLER,DEAL_DETAIL,Contacter le cédant,REQUEST_CONTACT,AUTHORIZED,CONTACT_REQUESTED,,CONTACT_REQUEST_CREATED
PASS_TRANSMISSION,PT-010,Pass Transmission,EXPRESS_INTEREST,TRANSACTION,Manifester mon intérêt,EXPRESS_INTEREST,QUALIFIED,INTEREST_RECORDED,,INTEREST_RECORDED
PASS_TRANSMISSION,PT-010,Pass Transmission,REQUEST_MEETING,TRANSACTION,Demander une réunion management,REQUEST_MEETING,AUTHORIZED,MEETING_REQUESTED,,MEETING_REQUESTED
PASS_TRANSMISSION,PT-010,Pass Transmission,OPEN_DOCUMENT,DOCUMENTS,Ouvrir,OPEN_DOCUMENT,AUTHORIZED,DOCUMENT_VIEWER,,DOCUMENT_VIEWED
PASS_TRANSMISSION,PT-010,Pass Transmission,DOWNLOAD_DOCUMENT,VDR,Télécharger,DOWNLOAD_DOCUMENT,AUTHORIZED,DOWNLOAD_ALLOWED,DOWNLOAD_BLOCKED,DOWNLOAD_ATTEMPT
PASS_TRANSMISSION,PT-010,Pass Transmission,ASK_QUESTION,QA,Poser une question,ASK_QUESTION,AUTHORIZED,QUESTION_CREATED,,QUESTION_CREATED
PASS_TRANSMISSION,PT-010,Pass Transmission,DEV_SET_PROFILE,DEV_TOOLS,Profil d’accès,SET_PROFILE,GUEST,PROFILE_CHANGED,,DEV_PROFILE_CHANGED
PASS_TRANSMISSION,PT-010,Pass Transmission,NAV_OPPORTUNITIES,GLOBAL_NAV,Entreprises à céder,NAVIGATE_REFERENCE,GUEST,TAB_OVERVIEW,,NAVIGATION
PASS_TRANSMISSION,PT-010,Pass Transmission,NAV_BUYERS,GLOBAL_NAV,Repreneurs,OUT_OF_FIXTURE_SCOPE,GUEST,SCOPE_NOTICE,,NAVIGATION
PASS_TRANSMISSION,PT-010,Pass Transmission,NAV_SERVICES,GLOBAL_NAV,Services,OUT_OF_FIXTURE_SCOPE,GUEST,SCOPE_NOTICE,,NAVIGATION
PASS_TRANSMISSION,PT-010,Pass Transmission,NAV_RESOURCES,GLOBAL_NAV,Ressources,OUT_OF_FIXTURE_SCOPE,GUEST,SCOPE_NOTICE,,NAVIGATION
PASS_TRANSMISSION,PT-010,Pass Transmission,NAV_ABOUT,GLOBAL_NAV,À propos,OUT_OF_FIXTURE_SCOPE,GUEST,SCOPE_NOTICE,,NAVIGATION
PASS_TRANSMISSION,PT-010,Pass Transmission,BACK_TO_OPPORTUNITIES,DEAL_DETAIL,Retour aux opportunités,OUT_OF_FIXTURE_SCOPE,GUEST,SCOPE_NOTICE,,NAVIGATION
PASS_TRANSMISSION,PT-010,Pass Transmission,DOCUMENT_SEARCH,DOCUMENTS,Rechercher un document,FILTER_INPUT,AUTHORIZED,FILTER_APPLIED,,FILTER_APPLIED
PASS_TRANSMISSION,PT-010,Pass Transmission,DOCUMENT_FOLDER_FILTER,DOCUMENTS,Filtrer par dossier,FILTER_SELECT,AUTHORIZED,FILTER_APPLIED,,FILTER_APPLIED
PASS_TRANSMISSION,PT-010,Pass Transmission,QA_STATUS_FILTER,QA,Filtrer les Q&R,FILTER_SELECT,AUTHORIZED,FILTER_APPLIED,,FILTER_APPLIED
PASS_TRANSMISSION,PT-010,Pass Transmission,VDR_BACK,VDR,Retour au dossier,CLOSE_VDR,AUTHORIZED,TAB_OVERVIEW,,VDR_CLOSED
PASS_TRANSMISSION,PT-010,Pass Transmission,VDR_SEARCH,VDR,Rechercher dans la VDR,FILTER_INPUT,AUTHORIZED,FILTER_APPLIED,,FILTER_APPLIED
PASS_TRANSMISSION,PT-010,Pass Transmission,VDR_SELECT_FOLDER,VDR,Sélectionner un dossier,SELECT_FOLDER,AUTHORIZED,VDR_FOLDER_SELECTED,,VDR_FOLDER_SELECTED
PASS_TRANSMISSION,PT-010,Pass Transmission,VDR_SELECT_DOCUMENT,VDR,Sélectionner un document,SELECT_DOCUMENT,AUTHORIZED,DOCUMENT_VIEWER,,DOCUMENT_VIEWED
PASS_TRANSMISSION,PT-010,Pass Transmission,MODAL_CLOSE,MODAL,Fermer,CLOSE_MODAL,GUEST,MODAL_CLOSED,,MODAL_CLOSED
PASS_TRANSMISSION,PT-010,Pass Transmission,QUESTION_SUBMIT,QA,Créer la question,SUBMIT_QUESTION,AUTHORIZED,QUESTION_CREATED,,QUESTION_CREATED
PASS_TRANSMISSION,PT-010,Pass Transmission,QUESTION_TEXT_INPUT,QA,Texte de la question,INPUT_TEXT,AUTHORIZED,DRAFT_UPDATED,,QUESTION_TEXT_CHANGED
PASS_TRANSMISSION,PT-011,Pass Transmission,TAB_OVERVIEW,DEAL_DETAIL,Aperçu,SHOW_TAB,GUEST,TAB_OVERVIEW,,TAB_VIEWED
PASS_TRANSMISSION,PT-011,Pass Transmission,TAB_FINANCIALS,DEAL_DETAIL,Données financières,SHOW_TAB,AUTHORIZED,TAB_FINANCIALS,ACCESS_GATE,TAB_VIEWED
PASS_TRANSMISSION,PT-011,Pass Transmission,TAB_TRANSACTION,DEAL_DETAIL,Transaction,SHOW_TAB,AUTHORIZED,TAB_TRANSACTION,ACCESS_GATE,TAB_VIEWED
PASS_TRANSMISSION,PT-011,Pass Transmission,TAB_RISKS,DEAL_DETAIL,Risques,SHOW_TAB,AUTHORIZED,TAB_RISKS,ACCESS_GATE,TAB_VIEWED
PASS_TRANSMISSION,PT-011,Pass Transmission,TAB_DOCUMENTS,DEAL_DETAIL,Documents,SHOW_TAB,AUTHORIZED,TAB_DOCUMENTS,ACCESS_GATE,TAB_VIEWED
PASS_TRANSMISSION,PT-011,Pass Transmission,TAB_QA,DEAL_DETAIL,Q&R,SHOW_TAB,AUTHORIZED,TAB_QA,ACCESS_GATE,TAB_VIEWED
PASS_TRANSMISSION,PT-011,Pass Transmission,OPEN_VDR,DEAL_DETAIL,Ouvrir la VDR,OPEN_VDR,AUTHORIZED,VDR_HOME,,VDR_OPEN_ATTEMPT
PASS_TRANSMISSION,PT-011,Pass Transmission,TOGGLE_FAVORITE,DEAL_DETAIL,Favoris,TOGGLE_FAVORITE,GUEST,FAVORITE_UPDATED,,FAVORITE_UPDATED
PASS_TRANSMISSION,PT-011,Pass Transmission,CONTACT_SELLER,DEAL_DETAIL,Contacter le cédant,REQUEST_CONTACT,AUTHORIZED,CONTACT_REQUESTED,,CONTACT_REQUEST_CREATED
PASS_TRANSMISSION,PT-011,Pass Transmission,EXPRESS_INTEREST,TRANSACTION,Manifester mon intérêt,EXPRESS_INTEREST,QUALIFIED,INTEREST_RECORDED,,INTEREST_RECORDED
PASS_TRANSMISSION,PT-011,Pass Transmission,REQUEST_MEETING,TRANSACTION,Demander une réunion management,REQUEST_MEETING,AUTHORIZED,MEETING_REQUESTED,,MEETING_REQUESTED
PASS_TRANSMISSION,PT-011,Pass Transmission,OPEN_DOCUMENT,DOCUMENTS,Ouvrir,OPEN_DOCUMENT,AUTHORIZED,DOCUMENT_VIEWER,,DOCUMENT_VIEWED
PASS_TRANSMISSION,PT-011,Pass Transmission,DOWNLOAD_DOCUMENT,VDR,Télécharger,DOWNLOAD_DOCUMENT,AUTHORIZED,DOWNLOAD_ALLOWED,DOWNLOAD_BLOCKED,DOWNLOAD_ATTEMPT
PASS_TRANSMISSION,PT-011,Pass Transmission,ASK_QUESTION,QA,Poser une question,ASK_QUESTION,AUTHORIZED,QUESTION_CREATED,,QUESTION_CREATED
PASS_TRANSMISSION,PT-011,Pass Transmission,DEV_SET_PROFILE,DEV_TOOLS,Profil d’accès,SET_PROFILE,GUEST,PROFILE_CHANGED,,DEV_PROFILE_CHANGED
PASS_TRANSMISSION,PT-011,Pass Transmission,NAV_OPPORTUNITIES,GLOBAL_NAV,Entreprises à céder,NAVIGATE_REFERENCE,GUEST,TAB_OVERVIEW,,NAVIGATION
PASS_TRANSMISSION,PT-011,Pass Transmission,NAV_BUYERS,GLOBAL_NAV,Repreneurs,OUT_OF_FIXTURE_SCOPE,GUEST,SCOPE_NOTICE,,NAVIGATION
PASS_TRANSMISSION,PT-011,Pass Transmission,NAV_SERVICES,GLOBAL_NAV,Services,OUT_OF_FIXTURE_SCOPE,GUEST,SCOPE_NOTICE,,NAVIGATION
PASS_TRANSMISSION,PT-011,Pass Transmission,NAV_RESOURCES,GLOBAL_NAV,Ressources,OUT_OF_FIXTURE_SCOPE,GUEST,SCOPE_NOTICE,,NAVIGATION
PASS_TRANSMISSION,PT-011,Pass Transmission,NAV_ABOUT,GLOBAL_NAV,À propos,OUT_OF_FIXTURE_SCOPE,GUEST,SCOPE_NOTICE,,NAVIGATION
PASS_TRANSMISSION,PT-011,Pass Transmission,BACK_TO_OPPORTUNITIES,DEAL_DETAIL,Retour aux opportunités,OUT_OF_FIXTURE_SCOPE,GUEST,SCOPE_NOTICE,,NAVIGATION
PASS_TRANSMISSION,PT-011,Pass Transmission,DOCUMENT_SEARCH,DOCUMENTS,Rechercher un document,FILTER_INPUT,AUTHORIZED,FILTER_APPLIED,,FILTER_APPLIED
PASS_TRANSMISSION,PT-011,Pass Transmission,DOCUMENT_FOLDER_FILTER,DOCUMENTS,Filtrer par dossier,FILTER_SELECT,AUTHORIZED,FILTER_APPLIED,,FILTER_APPLIED
PASS_TRANSMISSION,PT-011,Pass Transmission,QA_STATUS_FILTER,QA,Filtrer les Q&R,FILTER_SELECT,AUTHORIZED,FILTER_APPLIED,,FILTER_APPLIED
PASS_TRANSMISSION,PT-011,Pass Transmission,VDR_BACK,VDR,Retour au dossier,CLOSE_VDR,AUTHORIZED,TAB_OVERVIEW,,VDR_CLOSED
PASS_TRANSMISSION,PT-011,Pass Transmission,VDR_SEARCH,VDR,Rechercher dans la VDR,FILTER_INPUT,AUTHORIZED,FILTER_APPLIED,,FILTER_APPLIED
PASS_TRANSMISSION,PT-011,Pass Transmission,VDR_SELECT_FOLDER,VDR,Sélectionner un dossier,SELECT_FOLDER,AUTHORIZED,VDR_FOLDER_SELECTED,,VDR_FOLDER_SELECTED
PASS_TRANSMISSION,PT-011,Pass Transmission,VDR_SELECT_DOCUMENT,VDR,Sélectionner un document,SELECT_DOCUMENT,AUTHORIZED,DOCUMENT_VIEWER,,DOCUMENT_VIEWED
PASS_TRANSMISSION,PT-011,Pass Transmission,MODAL_CLOSE,MODAL,Fermer,CLOSE_MODAL,GUEST,MODAL_CLOSED,,MODAL_CLOSED
PASS_TRANSMISSION,PT-011,Pass Transmission,QUESTION_SUBMIT,QA,Créer la question,SUBMIT_QUESTION,AUTHORIZED,QUESTION_CREATED,,QUESTION_CREATED
PASS_TRANSMISSION,PT-011,Pass Transmission,QUESTION_TEXT_INPUT,QA,Texte de la question,INPUT_TEXT,AUTHORIZED,DRAFT_UPDATED,,QUESTION_TEXT_CHANGED
PASS_TRANSMISSION,PT-012,Pass Transmission,TAB_OVERVIEW,DEAL_DETAIL,Aperçu,SHOW_TAB,GUEST,TAB_OVERVIEW,,TAB_VIEWED
PASS_TRANSMISSION,PT-012,Pass Transmission,TAB_FINANCIALS,DEAL_DETAIL,Données financières,SHOW_TAB,AUTHORIZED,TAB_FINANCIALS,ACCESS_GATE,TAB_VIEWED
PASS_TRANSMISSION,PT-012,Pass Transmission,TAB_TRANSACTION,DEAL_DETAIL,Transaction,SHOW_TAB,AUTHORIZED,TAB_TRANSACTION,ACCESS_GATE,TAB_VIEWED
PASS_TRANSMISSION,PT-012,Pass Transmission,TAB_RISKS,DEAL_DETAIL,Risques,SHOW_TAB,AUTHORIZED,TAB_RISKS,ACCESS_GATE,TAB_VIEWED
PASS_TRANSMISSION,PT-012,Pass Transmission,TAB_DOCUMENTS,DEAL_DETAIL,Documents,SHOW_TAB,AUTHORIZED,TAB_DOCUMENTS,ACCESS_GATE,TAB_VIEWED
PASS_TRANSMISSION,PT-012,Pass Transmission,TAB_QA,DEAL_DETAIL,Q&R,SHOW_TAB,AUTHORIZED,TAB_QA,ACCESS_GATE,TAB_VIEWED
PASS_TRANSMISSION,PT-012,Pass Transmission,OPEN_VDR,DEAL_DETAIL,Ouvrir la VDR,OPEN_VDR,AUTHORIZED,VDR_HOME,,VDR_OPEN_ATTEMPT
PASS_TRANSMISSION,PT-012,Pass Transmission,TOGGLE_FAVORITE,DEAL_DETAIL,Favoris,TOGGLE_FAVORITE,GUEST,FAVORITE_UPDATED,,FAVORITE_UPDATED
PASS_TRANSMISSION,PT-012,Pass Transmission,CONTACT_SELLER,DEAL_DETAIL,Contacter le cédant,REQUEST_CONTACT,AUTHORIZED,CONTACT_REQUESTED,,CONTACT_REQUEST_CREATED
PASS_TRANSMISSION,PT-012,Pass Transmission,EXPRESS_INTEREST,TRANSACTION,Manifester mon intérêt,EXPRESS_INTEREST,QUALIFIED,INTEREST_RECORDED,,INTEREST_RECORDED
PASS_TRANSMISSION,PT-012,Pass Transmission,REQUEST_MEETING,TRANSACTION,Demander une réunion management,REQUEST_MEETING,AUTHORIZED,MEETING_REQUESTED,,MEETING_REQUESTED
PASS_TRANSMISSION,PT-012,Pass Transmission,OPEN_DOCUMENT,DOCUMENTS,Ouvrir,OPEN_DOCUMENT,AUTHORIZED,DOCUMENT_VIEWER,,DOCUMENT_VIEWED
PASS_TRANSMISSION,PT-012,Pass Transmission,DOWNLOAD_DOCUMENT,VDR,Télécharger,DOWNLOAD_DOCUMENT,AUTHORIZED,DOWNLOAD_ALLOWED,DOWNLOAD_BLOCKED,DOWNLOAD_ATTEMPT
PASS_TRANSMISSION,PT-012,Pass Transmission,ASK_QUESTION,QA,Poser une question,ASK_QUESTION,AUTHORIZED,QUESTION_CREATED,,QUESTION_CREATED
PASS_TRANSMISSION,PT-012,Pass Transmission,DEV_SET_PROFILE,DEV_TOOLS,Profil d’accès,SET_PROFILE,GUEST,PROFILE_CHANGED,,DEV_PROFILE_CHANGED
PASS_TRANSMISSION,PT-012,Pass Transmission,NAV_OPPORTUNITIES,GLOBAL_NAV,Entreprises à céder,NAVIGATE_REFERENCE,GUEST,TAB_OVERVIEW,,NAVIGATION
PASS_TRANSMISSION,PT-012,Pass Transmission,NAV_BUYERS,GLOBAL_NAV,Repreneurs,OUT_OF_FIXTURE_SCOPE,GUEST,SCOPE_NOTICE,,NAVIGATION
PASS_TRANSMISSION,PT-012,Pass Transmission,NAV_SERVICES,GLOBAL_NAV,Services,OUT_OF_FIXTURE_SCOPE,GUEST,SCOPE_NOTICE,,NAVIGATION
PASS_TRANSMISSION,PT-012,Pass Transmission,NAV_RESOURCES,GLOBAL_NAV,Ressources,OUT_OF_FIXTURE_SCOPE,GUEST,SCOPE_NOTICE,,NAVIGATION
PASS_TRANSMISSION,PT-012,Pass Transmission,NAV_ABOUT,GLOBAL_NAV,À propos,OUT_OF_FIXTURE_SCOPE,GUEST,SCOPE_NOTICE,,NAVIGATION
PASS_TRANSMISSION,PT-012,Pass Transmission,BACK_TO_OPPORTUNITIES,DEAL_DETAIL,Retour aux opportunités,OUT_OF_FIXTURE_SCOPE,GUEST,SCOPE_NOTICE,,NAVIGATION
PASS_TRANSMISSION,PT-012,Pass Transmission,DOCUMENT_SEARCH,DOCUMENTS,Rechercher un document,FILTER_INPUT,AUTHORIZED,FILTER_APPLIED,,FILTER_APPLIED
PASS_TRANSMISSION,PT-012,Pass Transmission,DOCUMENT_FOLDER_FILTER,DOCUMENTS,Filtrer par dossier,FILTER_SELECT,AUTHORIZED,FILTER_APPLIED,,FILTER_APPLIED
PASS_TRANSMISSION,PT-012,Pass Transmission,QA_STATUS_FILTER,QA,Filtrer les Q&R,FILTER_SELECT,AUTHORIZED,FILTER_APPLIED,,FILTER_APPLIED
PASS_TRANSMISSION,PT-012,Pass Transmission,VDR_BACK,VDR,Retour au dossier,CLOSE_VDR,AUTHORIZED,TAB_OVERVIEW,,VDR_CLOSED
PASS_TRANSMISSION,PT-012,Pass Transmission,VDR_SEARCH,VDR,Rechercher dans la VDR,FILTER_INPUT,AUTHORIZED,FILTER_APPLIED,,FILTER_APPLIED
PASS_TRANSMISSION,PT-012,Pass Transmission,VDR_SELECT_FOLDER,VDR,Sélectionner un dossier,SELECT_FOLDER,AUTHORIZED,VDR_FOLDER_SELECTED,,VDR_FOLDER_SELECTED
PASS_TRANSMISSION,PT-012,Pass Transmission,VDR_SELECT_DOCUMENT,VDR,Sélectionner un document,SELECT_DOCUMENT,AUTHORIZED,DOCUMENT_VIEWER,,DOCUMENT_VIEWED
PASS_TRANSMISSION,PT-012,Pass Transmission,MODAL_CLOSE,MODAL,Fermer,CLOSE_MODAL,GUEST,MODAL_CLOSED,,MODAL_CLOSED
PASS_TRANSMISSION,PT-012,Pass Transmission,QUESTION_SUBMIT,QA,Créer la question,SUBMIT_QUESTION,AUTHORIZED,QUESTION_CREATED,,QUESTION_CREATED
PASS_TRANSMISSION,PT-012,Pass Transmission,QUESTION_TEXT_INPUT,QA,Texte de la question,INPUT_TEXT,AUTHORIZED,DRAFT_UPDATED,,QUESTION_TEXT_CHANGED
SERVICE_SCENARIO,AR-01,Alerte & Rebond,PRIMARY_ACTION,scenario,Démarrer le diagnostic,START_DIAGNOSTIC,AUTHORIZED_TEST_USER,DIAGNOSTIC_ACTIVE,,AR_START_DIAGNOSTIC
SERVICE_SCENARIO,AR-01,Alerte & Rebond,SECONDARY_ACTION,scenario,Inviter un expert,REQUEST_TURNAROUND_EXPERT,AUTHORIZED_TEST_USER,EXPERT_REQUESTED,,AR_REQUEST_TURNAROUND_EXPERT
SERVICE_SCENARIO,AR-01,Alerte & Rebond,TAB_OVERVIEW,scenario-navigation,Situation,SWITCH_TAB,ANY_VISIBLE_USER,TAB_ACTIVE,,TAB_CHANGED
SERVICE_SCENARIO,AR-01,Alerte & Rebond,TAB_WORKFLOW,scenario-navigation,Parcours,SWITCH_TAB,ANY_VISIBLE_USER,TAB_ACTIVE,,TAB_CHANGED
SERVICE_SCENARIO,AR-01,Alerte & Rebond,TAB_CONTROLS,scenario-navigation,Contrôles & RACI,SWITCH_TAB,ANY_VISIBLE_USER,TAB_ACTIVE,,TAB_CHANGED
SERVICE_SCENARIO,AR-01,Alerte & Rebond,TAB_EVIDENCE,scenario-navigation,Preuves & audit,SWITCH_TAB,ANY_VISIBLE_USER,TAB_ACTIVE,,TAB_CHANGED
SERVICE_SCENARIO,AR-01,Alerte & Rebond,TAB_TESTS,scenario-navigation,Tests dev,SWITCH_TAB,ANY_VISIBLE_USER,TAB_ACTIVE,,TAB_CHANGED
SERVICE_SCENARIO,AR-01,Alerte & Rebond,PROFILE_SWITCH,dev-reference,Profil de test,SWITCH_TEST_PROFILE,DEV_REFERENCE,PROFILE_CHANGED,,PROFILE_CHANGED
SERVICE_SCENARIO,AR-01,Alerte & Rebond,MODAL_CLOSE,modal,Fermer,CLOSE_MODAL,ANY_VISIBLE_USER,MODAL_CLOSED,,MODAL_CLOSED
SERVICE_SCENARIO,AR-02,Alerte & Rebond,PRIMARY_ACTION,scenario,Revoir les habilitations,REVIEW_INVITE_LIST,AUTHORIZED_TEST_USER,INVITE_LIST_REVIEW,,AR_REVIEW_INVITE_LIST
SERVICE_SCENARIO,AR-02,Alerte & Rebond,SECONDARY_ACTION,scenario,Ajouter un document,UPLOAD_CONFIDENTIAL_EVIDENCE,AUTHORIZED_TEST_USER,EVIDENCE_RECEIVED,,AR_UPLOAD_CONFIDENTIAL_EVIDENCE
SERVICE_SCENARIO,AR-02,Alerte & Rebond,TAB_OVERVIEW,scenario-navigation,Situation,SWITCH_TAB,ANY_VISIBLE_USER,TAB_ACTIVE,,TAB_CHANGED
SERVICE_SCENARIO,AR-02,Alerte & Rebond,TAB_WORKFLOW,scenario-navigation,Parcours,SWITCH_TAB,ANY_VISIBLE_USER,TAB_ACTIVE,,TAB_CHANGED
SERVICE_SCENARIO,AR-02,Alerte & Rebond,TAB_CONTROLS,scenario-navigation,Contrôles & RACI,SWITCH_TAB,ANY_VISIBLE_USER,TAB_ACTIVE,,TAB_CHANGED
SERVICE_SCENARIO,AR-02,Alerte & Rebond,TAB_EVIDENCE,scenario-navigation,Preuves & audit,SWITCH_TAB,ANY_VISIBLE_USER,TAB_ACTIVE,,TAB_CHANGED
SERVICE_SCENARIO,AR-02,Alerte & Rebond,TAB_TESTS,scenario-navigation,Tests dev,SWITCH_TAB,ANY_VISIBLE_USER,TAB_ACTIVE,,TAB_CHANGED
SERVICE_SCENARIO,AR-02,Alerte & Rebond,PROFILE_SWITCH,dev-reference,Profil de test,SWITCH_TEST_PROFILE,DEV_REFERENCE,PROFILE_CHANGED,,PROFILE_CHANGED
SERVICE_SCENARIO,AR-02,Alerte & Rebond,MODAL_CLOSE,modal,Fermer,CLOSE_MODAL,ANY_VISIBLE_USER,MODAL_CLOSED,,MODAL_CLOSED
SERVICE_SCENARIO,AR-03,Alerte & Rebond,PRIMARY_ACTION,scenario,Voir les prérequis,OPEN_GATE_REQUIREMENTS,AUTHORIZED_TEST_USER,GATE_REQUIREMENTS,BLOCKED_MANUAL_AGREEMENT_GATE,AR_OPEN_GATE_REQUIREMENTS
SERVICE_SCENARIO,AR-03,Alerte & Rebond,SECONDARY_ACTION,scenario,Déposer l’accord,UPLOAD_AGREEMENT,AUTHORIZED_TEST_USER,AGREEMENT_PENDING_REVIEW,,AR_UPLOAD_AGREEMENT
SERVICE_SCENARIO,AR-03,Alerte & Rebond,TAB_OVERVIEW,scenario-navigation,Situation,SWITCH_TAB,ANY_VISIBLE_USER,TAB_ACTIVE,,TAB_CHANGED
SERVICE_SCENARIO,AR-03,Alerte & Rebond,TAB_WORKFLOW,scenario-navigation,Parcours,SWITCH_TAB,ANY_VISIBLE_USER,TAB_ACTIVE,,TAB_CHANGED
SERVICE_SCENARIO,AR-03,Alerte & Rebond,TAB_CONTROLS,scenario-navigation,Contrôles & RACI,SWITCH_TAB,ANY_VISIBLE_USER,TAB_ACTIVE,,TAB_CHANGED
SERVICE_SCENARIO,AR-03,Alerte & Rebond,TAB_EVIDENCE,scenario-navigation,Preuves & audit,SWITCH_TAB,ANY_VISIBLE_USER,TAB_ACTIVE,,TAB_CHANGED
SERVICE_SCENARIO,AR-03,Alerte & Rebond,TAB_TESTS,scenario-navigation,Tests dev,SWITCH_TAB,ANY_VISIBLE_USER,TAB_ACTIVE,,TAB_CHANGED
SERVICE_SCENARIO,AR-03,Alerte & Rebond,PROFILE_SWITCH,dev-reference,Profil de test,SWITCH_TEST_PROFILE,DEV_REFERENCE,PROFILE_CHANGED,,PROFILE_CHANGED
SERVICE_SCENARIO,AR-03,Alerte & Rebond,MODAL_CLOSE,modal,Fermer,CLOSE_MODAL,ANY_VISIBLE_USER,MODAL_CLOSED,,MODAL_CLOSED
SERVICE_SCENARIO,TAX-01,Conformité & Fiscalité,PRIMARY_ACTION,scenario,Lancer la simulation,RUN_TAX_SIMULATION,AUTHORIZED_TEST_USER,SIMULATION_READY,,TAX_RUN_TAX_SIMULATION
SERVICE_SCENARIO,TAX-01,Conformité & Fiscalité,SECONDARY_ACTION,scenario,Demander un expert,REQUEST_TAX_EXPERT,AUTHORIZED_TEST_USER,EXPERT_REQUESTED,,TAX_REQUEST_TAX_EXPERT
SERVICE_SCENARIO,TAX-01,Conformité & Fiscalité,TAB_OVERVIEW,scenario-navigation,Situation,SWITCH_TAB,ANY_VISIBLE_USER,TAB_ACTIVE,,TAB_CHANGED
SERVICE_SCENARIO,TAX-01,Conformité & Fiscalité,TAB_WORKFLOW,scenario-navigation,Parcours,SWITCH_TAB,ANY_VISIBLE_USER,TAB_ACTIVE,,TAB_CHANGED
SERVICE_SCENARIO,TAX-01,Conformité & Fiscalité,TAB_CONTROLS,scenario-navigation,Contrôles & RACI,SWITCH_TAB,ANY_VISIBLE_USER,TAB_ACTIVE,,TAB_CHANGED
SERVICE_SCENARIO,TAX-01,Conformité & Fiscalité,TAB_EVIDENCE,scenario-navigation,Preuves & audit,SWITCH_TAB,ANY_VISIBLE_USER,TAB_ACTIVE,,TAB_CHANGED
SERVICE_SCENARIO,TAX-01,Conformité & Fiscalité,TAB_TESTS,scenario-navigation,Tests dev,SWITCH_TAB,ANY_VISIBLE_USER,TAB_ACTIVE,,TAB_CHANGED
SERVICE_SCENARIO,TAX-01,Conformité & Fiscalité,PROFILE_SWITCH,dev-reference,Profil de test,SWITCH_TEST_PROFILE,DEV_REFERENCE,PROFILE_CHANGED,,PROFILE_CHANGED
SERVICE_SCENARIO,TAX-01,Conformité & Fiscalité,MODAL_CLOSE,modal,Fermer,CLOSE_MODAL,ANY_VISIBLE_USER,MODAL_CLOSED,,MODAL_CLOSED
SERVICE_SCENARIO,TAX-02,Conformité & Fiscalité,PRIMARY_ACTION,scenario,Ajouter la pièce,UPLOAD_TAX_EVIDENCE,AUTHORIZED_TEST_USER,EVIDENCE_RECEIVED,,TAX_UPLOAD_TAX_EVIDENCE
SERVICE_SCENARIO,TAX-02,Conformité & Fiscalité,SECONDARY_ACTION,scenario,Relancer le contrôle,REVALIDATE_FILING,AUTHORIZED_TEST_USER,VALIDATION_PENDING,,TAX_REVALIDATE_FILING
SERVICE_SCENARIO,TAX-02,Conformité & Fiscalité,TAB_OVERVIEW,scenario-navigation,Situation,SWITCH_TAB,ANY_VISIBLE_USER,TAB_ACTIVE,,TAB_CHANGED
SERVICE_SCENARIO,TAX-02,Conformité & Fiscalité,TAB_WORKFLOW,scenario-navigation,Parcours,SWITCH_TAB,ANY_VISIBLE_USER,TAB_ACTIVE,,TAB_CHANGED
SERVICE_SCENARIO,TAX-02,Conformité & Fiscalité,TAB_CONTROLS,scenario-navigation,Contrôles & RACI,SWITCH_TAB,ANY_VISIBLE_USER,TAB_ACTIVE,,TAB_CHANGED
SERVICE_SCENARIO,TAX-02,Conformité & Fiscalité,TAB_EVIDENCE,scenario-navigation,Preuves & audit,SWITCH_TAB,ANY_VISIBLE_USER,TAB_ACTIVE,,TAB_CHANGED
SERVICE_SCENARIO,TAX-02,Conformité & Fiscalité,TAB_TESTS,scenario-navigation,Tests dev,SWITCH_TAB,ANY_VISIBLE_USER,TAB_ACTIVE,,TAB_CHANGED
SERVICE_SCENARIO,TAX-02,Conformité & Fiscalité,PROFILE_SWITCH,dev-reference,Profil de test,SWITCH_TEST_PROFILE,DEV_REFERENCE,PROFILE_CHANGED,,PROFILE_CHANGED
SERVICE_SCENARIO,TAX-02,Conformité & Fiscalité,MODAL_CLOSE,modal,Fermer,CLOSE_MODAL,ANY_VISIBLE_USER,MODAL_CLOSED,,MODAL_CLOSED
SERVICE_SCENARIO,TAX-03,Conformité & Fiscalité,PRIMARY_ACTION,scenario,Réessayer,RETRY_PROVIDER,AUTHORIZED_TEST_USER,RETRY_SCHEDULED,UPSTREAM_UNAVAILABLE_HOLD,TAX_RETRY_PROVIDER
SERVICE_SCENARIO,TAX-03,Conformité & Fiscalité,SECONDARY_ACTION,scenario,Voir le statut,OPEN_PROVIDER_STATUS,AUTHORIZED_TEST_USER,PROVIDER_STATUS,,TAX_OPEN_PROVIDER_STATUS
SERVICE_SCENARIO,TAX-03,Conformité & Fiscalité,TAB_OVERVIEW,scenario-navigation,Situation,SWITCH_TAB,ANY_VISIBLE_USER,TAB_ACTIVE,,TAB_CHANGED
SERVICE_SCENARIO,TAX-03,Conformité & Fiscalité,TAB_WORKFLOW,scenario-navigation,Parcours,SWITCH_TAB,ANY_VISIBLE_USER,TAB_ACTIVE,,TAB_CHANGED
SERVICE_SCENARIO,TAX-03,Conformité & Fiscalité,TAB_CONTROLS,scenario-navigation,Contrôles & RACI,SWITCH_TAB,ANY_VISIBLE_USER,TAB_ACTIVE,,TAB_CHANGED
SERVICE_SCENARIO,TAX-03,Conformité & Fiscalité,TAB_EVIDENCE,scenario-navigation,Preuves & audit,SWITCH_TAB,ANY_VISIBLE_USER,TAB_ACTIVE,,TAB_CHANGED
SERVICE_SCENARIO,TAX-03,Conformité & Fiscalité,TAB_TESTS,scenario-navigation,Tests dev,SWITCH_TAB,ANY_VISIBLE_USER,TAB_ACTIVE,,TAB_CHANGED
SERVICE_SCENARIO,TAX-03,Conformité & Fiscalité,PROFILE_SWITCH,dev-reference,Profil de test,SWITCH_TEST_PROFILE,DEV_REFERENCE,PROFILE_CHANGED,,PROFILE_CHANGED
SERVICE_SCENARIO,TAX-03,Conformité & Fiscalité,MODAL_CLOSE,modal,Fermer,CLOSE_MODAL,ANY_VISIBLE_USER,MODAL_CLOSED,,MODAL_CLOSED
SERVICE_SCENARIO,CNX-01,Deal-Connect,PRIMARY_ACTION,scenario,Réserver un rendez-vous,BOOK_MEETING,AUTHORIZED_TEST_USER,MEETING_REQUESTED,,CNX_BOOK_MEETING
SERVICE_SCENARIO,CNX-01,Deal-Connect,SECONDARY_ACTION,scenario,Demander un contact,REQUEST_CONTACT,AUTHORIZED_TEST_USER,CONTACT_REQUESTED,,CNX_REQUEST_CONTACT
SERVICE_SCENARIO,CNX-01,Deal-Connect,TAB_OVERVIEW,scenario-navigation,Situation,SWITCH_TAB,ANY_VISIBLE_USER,TAB_ACTIVE,,TAB_CHANGED
SERVICE_SCENARIO,CNX-01,Deal-Connect,TAB_WORKFLOW,scenario-navigation,Parcours,SWITCH_TAB,ANY_VISIBLE_USER,TAB_ACTIVE,,TAB_CHANGED
SERVICE_SCENARIO,CNX-01,Deal-Connect,TAB_CONTROLS,scenario-navigation,Contrôles & RACI,SWITCH_TAB,ANY_VISIBLE_USER,TAB_ACTIVE,,TAB_CHANGED
SERVICE_SCENARIO,CNX-01,Deal-Connect,TAB_EVIDENCE,scenario-navigation,Preuves & audit,SWITCH_TAB,ANY_VISIBLE_USER,TAB_ACTIVE,,TAB_CHANGED
SERVICE_SCENARIO,CNX-01,Deal-Connect,TAB_TESTS,scenario-navigation,Tests dev,SWITCH_TAB,ANY_VISIBLE_USER,TAB_ACTIVE,,TAB_CHANGED
SERVICE_SCENARIO,CNX-01,Deal-Connect,PROFILE_SWITCH,dev-reference,Profil de test,SWITCH_TEST_PROFILE,DEV_REFERENCE,PROFILE_CHANGED,,PROFILE_CHANGED
SERVICE_SCENARIO,CNX-01,Deal-Connect,MODAL_CLOSE,modal,Fermer,CLOSE_MODAL,ANY_VISIBLE_USER,MODAL_CLOSED,,MODAL_CLOSED
SERVICE_SCENARIO,CNX-02,Deal-Connect,PRIMARY_ACTION,scenario,Envoyer la demande,REQUEST_MEETING,AUTHORIZED_TEST_USER,MEETING_REQUESTED,BLOCKED_CONSENT_REQUIRED,CNX_REQUEST_MEETING
SERVICE_SCENARIO,CNX-02,Deal-Connect,SECONDARY_ACTION,scenario,Tenter de voir le contact,ATTEMPT_CONTACT_VIEW,AUTHORIZED_TEST_USER,CONSENT_REQUIRED,,CNX_ATTEMPT_CONTACT_VIEW
SERVICE_SCENARIO,CNX-02,Deal-Connect,TAB_OVERVIEW,scenario-navigation,Situation,SWITCH_TAB,ANY_VISIBLE_USER,TAB_ACTIVE,,TAB_CHANGED
SERVICE_SCENARIO,CNX-02,Deal-Connect,TAB_WORKFLOW,scenario-navigation,Parcours,SWITCH_TAB,ANY_VISIBLE_USER,TAB_ACTIVE,,TAB_CHANGED
SERVICE_SCENARIO,CNX-02,Deal-Connect,TAB_CONTROLS,scenario-navigation,Contrôles & RACI,SWITCH_TAB,ANY_VISIBLE_USER,TAB_ACTIVE,,TAB_CHANGED
SERVICE_SCENARIO,CNX-02,Deal-Connect,TAB_EVIDENCE,scenario-navigation,Preuves & audit,SWITCH_TAB,ANY_VISIBLE_USER,TAB_ACTIVE,,TAB_CHANGED
SERVICE_SCENARIO,CNX-02,Deal-Connect,TAB_TESTS,scenario-navigation,Tests dev,SWITCH_TAB,ANY_VISIBLE_USER,TAB_ACTIVE,,TAB_CHANGED
SERVICE_SCENARIO,CNX-02,Deal-Connect,PROFILE_SWITCH,dev-reference,Profil de test,SWITCH_TEST_PROFILE,DEV_REFERENCE,PROFILE_CHANGED,,PROFILE_CHANGED
SERVICE_SCENARIO,CNX-02,Deal-Connect,MODAL_CLOSE,modal,Fermer,CLOSE_MODAL,ANY_VISIBLE_USER,MODAL_CLOSED,,MODAL_CLOSED
SERVICE_SCENARIO,CNX-03,Deal-Connect,PRIMARY_ACTION,scenario,Passer en audio,SWITCH_TO_AUDIO,AUTHORIZED_TEST_USER,AUDIO_SESSION,,CNX_SWITCH_TO_AUDIO
SERVICE_SCENARIO,CNX-03,Deal-Connect,SECONDARY_ACTION,scenario,Tester la connexion,RUN_NETWORK_TEST,AUTHORIZED_TEST_USER,NETWORK_RESULT,,CNX_RUN_NETWORK_TEST
SERVICE_SCENARIO,CNX-03,Deal-Connect,TAB_OVERVIEW,scenario-navigation,Situation,SWITCH_TAB,ANY_VISIBLE_USER,TAB_ACTIVE,,TAB_CHANGED
SERVICE_SCENARIO,CNX-03,Deal-Connect,TAB_WORKFLOW,scenario-navigation,Parcours,SWITCH_TAB,ANY_VISIBLE_USER,TAB_ACTIVE,,TAB_CHANGED
SERVICE_SCENARIO,CNX-03,Deal-Connect,TAB_CONTROLS,scenario-navigation,Contrôles & RACI,SWITCH_TAB,ANY_VISIBLE_USER,TAB_ACTIVE,,TAB_CHANGED
SERVICE_SCENARIO,CNX-03,Deal-Connect,TAB_EVIDENCE,scenario-navigation,Preuves & audit,SWITCH_TAB,ANY_VISIBLE_USER,TAB_ACTIVE,,TAB_CHANGED
SERVICE_SCENARIO,CNX-03,Deal-Connect,TAB_TESTS,scenario-navigation,Tests dev,SWITCH_TAB,ANY_VISIBLE_USER,TAB_ACTIVE,,TAB_CHANGED
SERVICE_SCENARIO,CNX-03,Deal-Connect,PROFILE_SWITCH,dev-reference,Profil de test,SWITCH_TEST_PROFILE,DEV_REFERENCE,PROFILE_CHANGED,,PROFILE_CHANGED
SERVICE_SCENARIO,CNX-03,Deal-Connect,MODAL_CLOSE,modal,Fermer,CLOSE_MODAL,ANY_VISIBLE_USER,MODAL_CLOSED,,MODAL_CLOSED
SERVICE_SCENARIO,EX-01,Deal-Experts,PRIMARY_ACTION,scenario,Accepter la proposition,ACCEPT_PROPOSAL,AUTHORIZED_TEST_USER,MANDATE_ACTIVE,,EX_ACCEPT_PROPOSAL
SERVICE_SCENARIO,EX-01,Deal-Experts,SECONDARY_ACTION,scenario,Ouvrir le périmètre d’accès,OPEN_EXPERT_SCOPE,AUTHORIZED_TEST_USER,SCOPE_VIEW,,EX_OPEN_EXPERT_SCOPE
SERVICE_SCENARIO,EX-01,Deal-Experts,TAB_OVERVIEW,scenario-navigation,Situation,SWITCH_TAB,ANY_VISIBLE_USER,TAB_ACTIVE,,TAB_CHANGED
SERVICE_SCENARIO,EX-01,Deal-Experts,TAB_WORKFLOW,scenario-navigation,Parcours,SWITCH_TAB,ANY_VISIBLE_USER,TAB_ACTIVE,,TAB_CHANGED
SERVICE_SCENARIO,EX-01,Deal-Experts,TAB_CONTROLS,scenario-navigation,Contrôles & RACI,SWITCH_TAB,ANY_VISIBLE_USER,TAB_ACTIVE,,TAB_CHANGED
SERVICE_SCENARIO,EX-01,Deal-Experts,TAB_EVIDENCE,scenario-navigation,Preuves & audit,SWITCH_TAB,ANY_VISIBLE_USER,TAB_ACTIVE,,TAB_CHANGED
SERVICE_SCENARIO,EX-01,Deal-Experts,TAB_TESTS,scenario-navigation,Tests dev,SWITCH_TAB,ANY_VISIBLE_USER,TAB_ACTIVE,,TAB_CHANGED
SERVICE_SCENARIO,EX-01,Deal-Experts,PROFILE_SWITCH,dev-reference,Profil de test,SWITCH_TEST_PROFILE,DEV_REFERENCE,PROFILE_CHANGED,,PROFILE_CHANGED
SERVICE_SCENARIO,EX-01,Deal-Experts,MODAL_CLOSE,modal,Fermer,CLOSE_MODAL,ANY_VISIBLE_USER,MODAL_CLOSED,,MODAL_CLOSED
SERVICE_SCENARIO,EX-02,Deal-Experts,PRIMARY_ACTION,scenario,Voir le conflit,OPEN_CONFLICT,AUTHORIZED_TEST_USER,CONFLICT_DETAIL,BLOCKED_CONFLICT_OF_INTEREST,EX_OPEN_CONFLICT
SERVICE_SCENARIO,EX-02,Deal-Experts,SECONDARY_ACTION,scenario,Choisir un autre expert,REASSIGN_EXPERT,AUTHORIZED_TEST_USER,EXPERT_RESELECTION,,EX_REASSIGN_EXPERT
SERVICE_SCENARIO,EX-02,Deal-Experts,TAB_OVERVIEW,scenario-navigation,Situation,SWITCH_TAB,ANY_VISIBLE_USER,TAB_ACTIVE,,TAB_CHANGED
SERVICE_SCENARIO,EX-02,Deal-Experts,TAB_WORKFLOW,scenario-navigation,Parcours,SWITCH_TAB,ANY_VISIBLE_USER,TAB_ACTIVE,,TAB_CHANGED
SERVICE_SCENARIO,EX-02,Deal-Experts,TAB_CONTROLS,scenario-navigation,Contrôles & RACI,SWITCH_TAB,ANY_VISIBLE_USER,TAB_ACTIVE,,TAB_CHANGED
SERVICE_SCENARIO,EX-02,Deal-Experts,TAB_EVIDENCE,scenario-navigation,Preuves & audit,SWITCH_TAB,ANY_VISIBLE_USER,TAB_ACTIVE,,TAB_CHANGED
SERVICE_SCENARIO,EX-02,Deal-Experts,TAB_TESTS,scenario-navigation,Tests dev,SWITCH_TAB,ANY_VISIBLE_USER,TAB_ACTIVE,,TAB_CHANGED
SERVICE_SCENARIO,EX-02,Deal-Experts,PROFILE_SWITCH,dev-reference,Profil de test,SWITCH_TEST_PROFILE,DEV_REFERENCE,PROFILE_CHANGED,,PROFILE_CHANGED
SERVICE_SCENARIO,EX-02,Deal-Experts,MODAL_CLOSE,modal,Fermer,CLOSE_MODAL,ANY_VISIBLE_USER,MODAL_CLOSED,,MODAL_CLOSED
SERVICE_SCENARIO,EX-03,Deal-Experts,PRIMARY_ACTION,scenario,Corriger le périmètre,EDIT_SCOPE,AUTHORIZED_TEST_USER,SCOPE_UPDATED,,EX_EDIT_SCOPE
SERVICE_SCENARIO,EX-03,Deal-Experts,SECONDARY_ACTION,scenario,Ajouter pièces requises,UPLOAD_SCOPE_EVIDENCE,AUTHORIZED_TEST_USER,EVIDENCE_RECEIVED,,EX_UPLOAD_SCOPE_EVIDENCE
SERVICE_SCENARIO,EX-03,Deal-Experts,TAB_OVERVIEW,scenario-navigation,Situation,SWITCH_TAB,ANY_VISIBLE_USER,TAB_ACTIVE,,TAB_CHANGED
SERVICE_SCENARIO,EX-03,Deal-Experts,TAB_WORKFLOW,scenario-navigation,Parcours,SWITCH_TAB,ANY_VISIBLE_USER,TAB_ACTIVE,,TAB_CHANGED
SERVICE_SCENARIO,EX-03,Deal-Experts,TAB_CONTROLS,scenario-navigation,Contrôles & RACI,SWITCH_TAB,ANY_VISIBLE_USER,TAB_ACTIVE,,TAB_CHANGED
SERVICE_SCENARIO,EX-03,Deal-Experts,TAB_EVIDENCE,scenario-navigation,Preuves & audit,SWITCH_TAB,ANY_VISIBLE_USER,TAB_ACTIVE,,TAB_CHANGED
SERVICE_SCENARIO,EX-03,Deal-Experts,TAB_TESTS,scenario-navigation,Tests dev,SWITCH_TAB,ANY_VISIBLE_USER,TAB_ACTIVE,,TAB_CHANGED
SERVICE_SCENARIO,EX-03,Deal-Experts,PROFILE_SWITCH,dev-reference,Profil de test,SWITCH_TEST_PROFILE,DEV_REFERENCE,PROFILE_CHANGED,,PROFILE_CHANGED
SERVICE_SCENARIO,EX-03,Deal-Experts,MODAL_CLOSE,modal,Fermer,CLOSE_MODAL,ANY_VISIBLE_USER,MODAL_CLOSED,,MODAL_CLOSED
SERVICE_SCENARIO,DR-01,Deal-Ready,PRIMARY_ACTION,scenario,Soumettre à décision,SUBMIT_HUMAN_DECISION,AUTHORIZED_TEST_USER,CERTIFICATION_REVIEW_QUEUE,,DR_SUBMIT_HUMAN_DECISION
SERVICE_SCENARIO,DR-01,Deal-Ready,SECONDARY_ACTION,scenario,Voir le périmètre,OPEN_SCOPE,AUTHORIZED_TEST_USER,SCOPE_VIEW,,DR_OPEN_SCOPE
SERVICE_SCENARIO,DR-01,Deal-Ready,TAB_OVERVIEW,scenario-navigation,Situation,SWITCH_TAB,ANY_VISIBLE_USER,TAB_ACTIVE,,TAB_CHANGED
SERVICE_SCENARIO,DR-01,Deal-Ready,TAB_WORKFLOW,scenario-navigation,Parcours,SWITCH_TAB,ANY_VISIBLE_USER,TAB_ACTIVE,,TAB_CHANGED
SERVICE_SCENARIO,DR-01,Deal-Ready,TAB_CONTROLS,scenario-navigation,Contrôles & RACI,SWITCH_TAB,ANY_VISIBLE_USER,TAB_ACTIVE,,TAB_CHANGED
SERVICE_SCENARIO,DR-01,Deal-Ready,TAB_EVIDENCE,scenario-navigation,Preuves & audit,SWITCH_TAB,ANY_VISIBLE_USER,TAB_ACTIVE,,TAB_CHANGED
SERVICE_SCENARIO,DR-01,Deal-Ready,TAB_TESTS,scenario-navigation,Tests dev,SWITCH_TAB,ANY_VISIBLE_USER,TAB_ACTIVE,,TAB_CHANGED
SERVICE_SCENARIO,DR-01,Deal-Ready,PROFILE_SWITCH,dev-reference,Profil de test,SWITCH_TEST_PROFILE,DEV_REFERENCE,PROFILE_CHANGED,,PROFILE_CHANGED
SERVICE_SCENARIO,DR-01,Deal-Ready,MODAL_CLOSE,modal,Fermer,CLOSE_MODAL,ANY_VISIBLE_USER,MODAL_CLOSED,,MODAL_CLOSED
SERVICE_SCENARIO,DR-02,Deal-Ready,PRIMARY_ACTION,scenario,Ouvrir le plan de remédiation,OPEN_REMEDIATION,AUTHORIZED_TEST_USER,REMEDIATION_WORKSPACE,,DR_OPEN_REMEDIATION
SERVICE_SCENARIO,DR-02,Deal-Ready,SECONDARY_ACTION,scenario,Téléverser une pièce,UPLOAD_EVIDENCE,AUTHORIZED_TEST_USER,EVIDENCE_RECEIVED,,DR_UPLOAD_EVIDENCE
SERVICE_SCENARIO,DR-02,Deal-Ready,TAB_OVERVIEW,scenario-navigation,Situation,SWITCH_TAB,ANY_VISIBLE_USER,TAB_ACTIVE,,TAB_CHANGED
SERVICE_SCENARIO,DR-02,Deal-Ready,TAB_WORKFLOW,scenario-navigation,Parcours,SWITCH_TAB,ANY_VISIBLE_USER,TAB_ACTIVE,,TAB_CHANGED
SERVICE_SCENARIO,DR-02,Deal-Ready,TAB_CONTROLS,scenario-navigation,Contrôles & RACI,SWITCH_TAB,ANY_VISIBLE_USER,TAB_ACTIVE,,TAB_CHANGED
SERVICE_SCENARIO,DR-02,Deal-Ready,TAB_EVIDENCE,scenario-navigation,Preuves & audit,SWITCH_TAB,ANY_VISIBLE_USER,TAB_ACTIVE,,TAB_CHANGED
SERVICE_SCENARIO,DR-02,Deal-Ready,TAB_TESTS,scenario-navigation,Tests dev,SWITCH_TAB,ANY_VISIBLE_USER,TAB_ACTIVE,,TAB_CHANGED
SERVICE_SCENARIO,DR-02,Deal-Ready,PROFILE_SWITCH,dev-reference,Profil de test,SWITCH_TEST_PROFILE,DEV_REFERENCE,PROFILE_CHANGED,,PROFILE_CHANGED
SERVICE_SCENARIO,DR-02,Deal-Ready,MODAL_CLOSE,modal,Fermer,CLOSE_MODAL,ANY_VISIBLE_USER,MODAL_CLOSED,,MODAL_CLOSED
SERVICE_SCENARIO,DR-03,Deal-Ready,PRIMARY_ACTION,scenario,Voir les écarts,OPEN_BLOCKERS,AUTHORIZED_TEST_USER,BLOCKER_REGISTER,BLOCKED_COMPLIANCE_REVIEW,DR_OPEN_BLOCKERS
SERVICE_SCENARIO,DR-03,Deal-Ready,SECONDARY_ACTION,scenario,Demander clarification,REQUEST_CLARIFICATION,AUTHORIZED_TEST_USER,CLARIFICATION_REQUESTED,,DR_REQUEST_CLARIFICATION
SERVICE_SCENARIO,DR-03,Deal-Ready,TAB_OVERVIEW,scenario-navigation,Situation,SWITCH_TAB,ANY_VISIBLE_USER,TAB_ACTIVE,,TAB_CHANGED
SERVICE_SCENARIO,DR-03,Deal-Ready,TAB_WORKFLOW,scenario-navigation,Parcours,SWITCH_TAB,ANY_VISIBLE_USER,TAB_ACTIVE,,TAB_CHANGED
SERVICE_SCENARIO,DR-03,Deal-Ready,TAB_CONTROLS,scenario-navigation,Contrôles & RACI,SWITCH_TAB,ANY_VISIBLE_USER,TAB_ACTIVE,,TAB_CHANGED
SERVICE_SCENARIO,DR-03,Deal-Ready,TAB_EVIDENCE,scenario-navigation,Preuves & audit,SWITCH_TAB,ANY_VISIBLE_USER,TAB_ACTIVE,,TAB_CHANGED
SERVICE_SCENARIO,DR-03,Deal-Ready,TAB_TESTS,scenario-navigation,Tests dev,SWITCH_TAB,ANY_VISIBLE_USER,TAB_ACTIVE,,TAB_CHANGED
SERVICE_SCENARIO,DR-03,Deal-Ready,PROFILE_SWITCH,dev-reference,Profil de test,SWITCH_TEST_PROFILE,DEV_REFERENCE,PROFILE_CHANGED,,PROFILE_CHANGED
SERVICE_SCENARIO,DR-03,Deal-Ready,MODAL_CLOSE,modal,Fermer,CLOSE_MODAL,ANY_VISIBLE_USER,MODAL_CLOSED,,MODAL_CLOSED
SERVICE_SCENARIO,DIA-01,Guichet Diaspora,PRIMARY_ACTION,scenario,Voir les opportunités,OPEN_MATCHES,AUTHORIZED_TEST_USER,MATCH_LIST,,DIA_OPEN_MATCHES
SERVICE_SCENARIO,DIA-01,Guichet Diaspora,SECONDARY_ACTION,scenario,Prendre rendez-vous,BOOK_SECURE_APPOINTMENT,AUTHORIZED_TEST_USER,APPOINTMENT_REQUESTED,,DIA_BOOK_SECURE_APPOINTMENT
SERVICE_SCENARIO,DIA-01,Guichet Diaspora,TAB_OVERVIEW,scenario-navigation,Situation,SWITCH_TAB,ANY_VISIBLE_USER,TAB_ACTIVE,,TAB_CHANGED
SERVICE_SCENARIO,DIA-01,Guichet Diaspora,TAB_WORKFLOW,scenario-navigation,Parcours,SWITCH_TAB,ANY_VISIBLE_USER,TAB_ACTIVE,,TAB_CHANGED
SERVICE_SCENARIO,DIA-01,Guichet Diaspora,TAB_CONTROLS,scenario-navigation,Contrôles & RACI,SWITCH_TAB,ANY_VISIBLE_USER,TAB_ACTIVE,,TAB_CHANGED
SERVICE_SCENARIO,DIA-01,Guichet Diaspora,TAB_EVIDENCE,scenario-navigation,Preuves & audit,SWITCH_TAB,ANY_VISIBLE_USER,TAB_ACTIVE,,TAB_CHANGED
SERVICE_SCENARIO,DIA-01,Guichet Diaspora,TAB_TESTS,scenario-navigation,Tests dev,SWITCH_TAB,ANY_VISIBLE_USER,TAB_ACTIVE,,TAB_CHANGED
SERVICE_SCENARIO,DIA-01,Guichet Diaspora,PROFILE_SWITCH,dev-reference,Profil de test,SWITCH_TEST_PROFILE,DEV_REFERENCE,PROFILE_CHANGED,,PROFILE_CHANGED
SERVICE_SCENARIO,DIA-01,Guichet Diaspora,MODAL_CLOSE,modal,Fermer,CLOSE_MODAL,ANY_VISIBLE_USER,MODAL_CLOSED,,MODAL_CLOSED
SERVICE_SCENARIO,DIA-02,Guichet Diaspora,PRIMARY_ACTION,scenario,Voir les exigences,OPEN_EXTERNAL_REQUIREMENTS,AUTHORIZED_TEST_USER,REQUIREMENTS_VIEW,COMPLIANCE_HOLD_EXTERNAL_REVIEW,DIA_OPEN_EXTERNAL_REQUIREMENTS
SERVICE_SCENARIO,DIA-02,Guichet Diaspora,SECONDARY_ACTION,scenario,Demander un rendez-vous banque,REQUEST_BANK_APPOINTMENT,AUTHORIZED_TEST_USER,BANK_APPOINTMENT_REQUESTED,,DIA_REQUEST_BANK_APPOINTMENT
SERVICE_SCENARIO,DIA-02,Guichet Diaspora,TAB_OVERVIEW,scenario-navigation,Situation,SWITCH_TAB,ANY_VISIBLE_USER,TAB_ACTIVE,,TAB_CHANGED
SERVICE_SCENARIO,DIA-02,Guichet Diaspora,TAB_WORKFLOW,scenario-navigation,Parcours,SWITCH_TAB,ANY_VISIBLE_USER,TAB_ACTIVE,,TAB_CHANGED
SERVICE_SCENARIO,DIA-02,Guichet Diaspora,TAB_CONTROLS,scenario-navigation,Contrôles & RACI,SWITCH_TAB,ANY_VISIBLE_USER,TAB_ACTIVE,,TAB_CHANGED
SERVICE_SCENARIO,DIA-02,Guichet Diaspora,TAB_EVIDENCE,scenario-navigation,Preuves & audit,SWITCH_TAB,ANY_VISIBLE_USER,TAB_ACTIVE,,TAB_CHANGED
SERVICE_SCENARIO,DIA-02,Guichet Diaspora,TAB_TESTS,scenario-navigation,Tests dev,SWITCH_TAB,ANY_VISIBLE_USER,TAB_ACTIVE,,TAB_CHANGED
SERVICE_SCENARIO,DIA-02,Guichet Diaspora,PROFILE_SWITCH,dev-reference,Profil de test,SWITCH_TEST_PROFILE,DEV_REFERENCE,PROFILE_CHANGED,,PROFILE_CHANGED
SERVICE_SCENARIO,DIA-02,Guichet Diaspora,MODAL_CLOSE,modal,Fermer,CLOSE_MODAL,ANY_VISIBLE_USER,MODAL_CLOSED,,MODAL_CLOSED
SERVICE_SCENARIO,DIA-03,Guichet Diaspora,PRIMARY_ACTION,scenario,Voir les pièces manquantes,OPEN_MISSING_DOCS,AUTHORIZED_TEST_USER,MISSING_DOCS,,DIA_OPEN_MISSING_DOCS
SERVICE_SCENARIO,DIA-03,Guichet Diaspora,SECONDARY_ACTION,scenario,Demander un échange vidéo,REQUEST_VIDEO_MEETING,AUTHORIZED_TEST_USER,MEETING_REQUESTED,,DIA_REQUEST_VIDEO_MEETING
SERVICE_SCENARIO,DIA-03,Guichet Diaspora,TAB_OVERVIEW,scenario-navigation,Situation,SWITCH_TAB,ANY_VISIBLE_USER,TAB_ACTIVE,,TAB_CHANGED
SERVICE_SCENARIO,DIA-03,Guichet Diaspora,TAB_WORKFLOW,scenario-navigation,Parcours,SWITCH_TAB,ANY_VISIBLE_USER,TAB_ACTIVE,,TAB_CHANGED
SERVICE_SCENARIO,DIA-03,Guichet Diaspora,TAB_CONTROLS,scenario-navigation,Contrôles & RACI,SWITCH_TAB,ANY_VISIBLE_USER,TAB_ACTIVE,,TAB_CHANGED
SERVICE_SCENARIO,DIA-03,Guichet Diaspora,TAB_EVIDENCE,scenario-navigation,Preuves & audit,SWITCH_TAB,ANY_VISIBLE_USER,TAB_ACTIVE,,TAB_CHANGED
SERVICE_SCENARIO,DIA-03,Guichet Diaspora,TAB_TESTS,scenario-navigation,Tests dev,SWITCH_TAB,ANY_VISIBLE_USER,TAB_ACTIVE,,TAB_CHANGED
SERVICE_SCENARIO,DIA-03,Guichet Diaspora,PROFILE_SWITCH,dev-reference,Profil de test,SWITCH_TEST_PROFILE,DEV_REFERENCE,PROFILE_CHANGED,,PROFILE_CHANGED
SERVICE_SCENARIO,DIA-03,Guichet Diaspora,MODAL_CLOSE,modal,Fermer,CLOSE_MODAL,ANY_VISIBLE_USER,MODAL_CLOSED,,MODAL_CLOSED
SERVICE_SCENARIO,LEG-01,LegalTech OHADA,PRIMARY_ACTION,scenario,Générer le projet,GENERATE_DRAFT,AUTHORIZED_TEST_USER,DRAFT_GENERATED,,LEG_GENERATE_DRAFT
SERVICE_SCENARIO,LEG-01,LegalTech OHADA,SECONDARY_ACTION,scenario,Demander une revue,REQUEST_PRO_REVIEW,AUTHORIZED_TEST_USER,PRO_REVIEW_REQUESTED,,LEG_REQUEST_PRO_REVIEW
SERVICE_SCENARIO,LEG-01,LegalTech OHADA,TAB_OVERVIEW,scenario-navigation,Situation,SWITCH_TAB,ANY_VISIBLE_USER,TAB_ACTIVE,,TAB_CHANGED
SERVICE_SCENARIO,LEG-01,LegalTech OHADA,TAB_WORKFLOW,scenario-navigation,Parcours,SWITCH_TAB,ANY_VISIBLE_USER,TAB_ACTIVE,,TAB_CHANGED
SERVICE_SCENARIO,LEG-01,LegalTech OHADA,TAB_CONTROLS,scenario-navigation,Contrôles & RACI,SWITCH_TAB,ANY_VISIBLE_USER,TAB_ACTIVE,,TAB_CHANGED
SERVICE_SCENARIO,LEG-01,LegalTech OHADA,TAB_EVIDENCE,scenario-navigation,Preuves & audit,SWITCH_TAB,ANY_VISIBLE_USER,TAB_ACTIVE,,TAB_CHANGED
SERVICE_SCENARIO,LEG-01,LegalTech OHADA,TAB_TESTS,scenario-navigation,Tests dev,SWITCH_TAB,ANY_VISIBLE_USER,TAB_ACTIVE,,TAB_CHANGED
SERVICE_SCENARIO,LEG-01,LegalTech OHADA,PROFILE_SWITCH,dev-reference,Profil de test,SWITCH_TEST_PROFILE,DEV_REFERENCE,PROFILE_CHANGED,,PROFILE_CHANGED
SERVICE_SCENARIO,LEG-01,LegalTech OHADA,MODAL_CLOSE,modal,Fermer,CLOSE_MODAL,ANY_VISIBLE_USER,MODAL_CLOSED,,MODAL_CLOSED
SERVICE_SCENARIO,LEG-02,LegalTech OHADA,PRIMARY_ACTION,scenario,Voir les clauses signalées,OPEN_TRANSFER_FLAGS,AUTHORIZED_TEST_USER,TRANSFER_FLAGS,,LEG_OPEN_TRANSFER_FLAGS
SERVICE_SCENARIO,LEG-02,LegalTech OHADA,SECONDARY_ACTION,scenario,Envoyer en revue,REQUEST_PRO_REVIEW,AUTHORIZED_TEST_USER,PRO_REVIEW_REQUESTED,,LEG_REQUEST_PRO_REVIEW
SERVICE_SCENARIO,LEG-02,LegalTech OHADA,TAB_OVERVIEW,scenario-navigation,Situation,SWITCH_TAB,ANY_VISIBLE_USER,TAB_ACTIVE,,TAB_CHANGED
SERVICE_SCENARIO,LEG-02,LegalTech OHADA,TAB_WORKFLOW,scenario-navigation,Parcours,SWITCH_TAB,ANY_VISIBLE_USER,TAB_ACTIVE,,TAB_CHANGED
SERVICE_SCENARIO,LEG-02,LegalTech OHADA,TAB_CONTROLS,scenario-navigation,Contrôles & RACI,SWITCH_TAB,ANY_VISIBLE_USER,TAB_ACTIVE,,TAB_CHANGED
SERVICE_SCENARIO,LEG-02,LegalTech OHADA,TAB_EVIDENCE,scenario-navigation,Preuves & audit,SWITCH_TAB,ANY_VISIBLE_USER,TAB_ACTIVE,,TAB_CHANGED
SERVICE_SCENARIO,LEG-02,LegalTech OHADA,TAB_TESTS,scenario-navigation,Tests dev,SWITCH_TAB,ANY_VISIBLE_USER,TAB_ACTIVE,,TAB_CHANGED
SERVICE_SCENARIO,LEG-02,LegalTech OHADA,PROFILE_SWITCH,dev-reference,Profil de test,SWITCH_TEST_PROFILE,DEV_REFERENCE,PROFILE_CHANGED,,PROFILE_CHANGED
SERVICE_SCENARIO,LEG-02,LegalTech OHADA,MODAL_CLOSE,modal,Fermer,CLOSE_MODAL,ANY_VISIBLE_USER,MODAL_CLOSED,,MODAL_CLOSED
SERVICE_SCENARIO,LEG-03,LegalTech OHADA,PRIMARY_ACTION,scenario,Corriger le régime juridique,CORRECT_LEGAL_BASIS,AUTHORIZED_TEST_USER,LEGAL_BASIS_CORRECTED,BLOCKED_NATIONAL_LAW_REVIEW,LEG_CORRECT_LEGAL_BASIS
SERVICE_SCENARIO,LEG-03,LegalTech OHADA,SECONDARY_ACTION,scenario,Demander une revue,REQUEST_PRO_REVIEW,AUTHORIZED_TEST_USER,PRO_REVIEW_REQUESTED,,LEG_REQUEST_PRO_REVIEW
SERVICE_SCENARIO,LEG-03,LegalTech OHADA,TAB_OVERVIEW,scenario-navigation,Situation,SWITCH_TAB,ANY_VISIBLE_USER,TAB_ACTIVE,,TAB_CHANGED
SERVICE_SCENARIO,LEG-03,LegalTech OHADA,TAB_WORKFLOW,scenario-navigation,Parcours,SWITCH_TAB,ANY_VISIBLE_USER,TAB_ACTIVE,,TAB_CHANGED
SERVICE_SCENARIO,LEG-03,LegalTech OHADA,TAB_CONTROLS,scenario-navigation,Contrôles & RACI,SWITCH_TAB,ANY_VISIBLE_USER,TAB_ACTIVE,,TAB_CHANGED
SERVICE_SCENARIO,LEG-03,LegalTech OHADA,TAB_EVIDENCE,scenario-navigation,Preuves & audit,SWITCH_TAB,ANY_VISIBLE_USER,TAB_ACTIVE,,TAB_CHANGED
SERVICE_SCENARIO,LEG-03,LegalTech OHADA,TAB_TESTS,scenario-navigation,Tests dev,SWITCH_TAB,ANY_VISIBLE_USER,TAB_ACTIVE,,TAB_CHANGED
SERVICE_SCENARIO,LEG-03,LegalTech OHADA,PROFILE_SWITCH,dev-reference,Profil de test,SWITCH_TEST_PROFILE,DEV_REFERENCE,PROFILE_CHANGED,,PROFILE_CHANGED
SERVICE_SCENARIO,LEG-03,LegalTech OHADA,MODAL_CLOSE,modal,Fermer,CLOSE_MODAL,ANY_VISIBLE_USER,MODAL_CLOSED,,MODAL_CLOSED
SERVICE_SCENARIO,VDR-01,VDR & Q&R,PRIMARY_ACTION,scenario,Ouvrir la VDR,OPEN_VDR,AUTHORIZED_TEST_USER,VDR_HOME,,VDR_OPEN_VDR
SERVICE_SCENARIO,VDR-01,VDR & Q&R,SECONDARY_ACTION,scenario,Poser une question,ASK_QUESTION,AUTHORIZED_TEST_USER,QUESTION_DRAFT,,VDR_ASK_QUESTION
SERVICE_SCENARIO,VDR-01,VDR & Q&R,TAB_OVERVIEW,scenario-navigation,Situation,SWITCH_TAB,ANY_VISIBLE_USER,TAB_ACTIVE,,TAB_CHANGED
SERVICE_SCENARIO,VDR-01,VDR & Q&R,TAB_WORKFLOW,scenario-navigation,Parcours,SWITCH_TAB,ANY_VISIBLE_USER,TAB_ACTIVE,,TAB_CHANGED
SERVICE_SCENARIO,VDR-01,VDR & Q&R,TAB_CONTROLS,scenario-navigation,Contrôles & RACI,SWITCH_TAB,ANY_VISIBLE_USER,TAB_ACTIVE,,TAB_CHANGED
SERVICE_SCENARIO,VDR-01,VDR & Q&R,TAB_EVIDENCE,scenario-navigation,Preuves & audit,SWITCH_TAB,ANY_VISIBLE_USER,TAB_ACTIVE,,TAB_CHANGED
SERVICE_SCENARIO,VDR-01,VDR & Q&R,TAB_TESTS,scenario-navigation,Tests dev,SWITCH_TAB,ANY_VISIBLE_USER,TAB_ACTIVE,,TAB_CHANGED
SERVICE_SCENARIO,VDR-01,VDR & Q&R,PROFILE_SWITCH,dev-reference,Profil de test,SWITCH_TEST_PROFILE,DEV_REFERENCE,PROFILE_CHANGED,,PROFILE_CHANGED
SERVICE_SCENARIO,VDR-01,VDR & Q&R,MODAL_CLOSE,modal,Fermer,CLOSE_MODAL,ANY_VISIBLE_USER,MODAL_CLOSED,,MODAL_CLOSED
SERVICE_SCENARIO,VDR-02,VDR & Q&R,PRIMARY_ACTION,scenario,Voir la décision,OPEN_REVOCATION,AUTHORIZED_TEST_USER,REVOCATION_DETAIL,ACCESS_REVOKED,VDR_OPEN_REVOCATION
SERVICE_SCENARIO,VDR-02,VDR & Q&R,SECONDARY_ACTION,scenario,Tenter d’ouvrir un document,ATTEMPT_DOCUMENT_OPEN,AUTHORIZED_TEST_USER,ACCESS_DENIED,,VDR_ATTEMPT_DOCUMENT_OPEN
SERVICE_SCENARIO,VDR-02,VDR & Q&R,TAB_OVERVIEW,scenario-navigation,Situation,SWITCH_TAB,ANY_VISIBLE_USER,TAB_ACTIVE,,TAB_CHANGED
SERVICE_SCENARIO,VDR-02,VDR & Q&R,TAB_WORKFLOW,scenario-navigation,Parcours,SWITCH_TAB,ANY_VISIBLE_USER,TAB_ACTIVE,,TAB_CHANGED
SERVICE_SCENARIO,VDR-02,VDR & Q&R,TAB_CONTROLS,scenario-navigation,Contrôles & RACI,SWITCH_TAB,ANY_VISIBLE_USER,TAB_ACTIVE,,TAB_CHANGED
SERVICE_SCENARIO,VDR-02,VDR & Q&R,TAB_EVIDENCE,scenario-navigation,Preuves & audit,SWITCH_TAB,ANY_VISIBLE_USER,TAB_ACTIVE,,TAB_CHANGED
SERVICE_SCENARIO,VDR-02,VDR & Q&R,TAB_TESTS,scenario-navigation,Tests dev,SWITCH_TAB,ANY_VISIBLE_USER,TAB_ACTIVE,,TAB_CHANGED
SERVICE_SCENARIO,VDR-02,VDR & Q&R,PROFILE_SWITCH,dev-reference,Profil de test,SWITCH_TEST_PROFILE,DEV_REFERENCE,PROFILE_CHANGED,,PROFILE_CHANGED
SERVICE_SCENARIO,VDR-02,VDR & Q&R,MODAL_CLOSE,modal,Fermer,CLOSE_MODAL,ANY_VISIBLE_USER,MODAL_CLOSED,,MODAL_CLOSED
SERVICE_SCENARIO,VDR-03,VDR & Q&R,PRIMARY_ACTION,scenario,Voir l’alerte,OPEN_SECURITY_ALERT,AUTHORIZED_TEST_USER,SECURITY_ALERT_DETAIL,,VDR_OPEN_SECURITY_ALERT
SERVICE_SCENARIO,VDR-03,VDR & Q&R,SECONDARY_ACTION,scenario,Demander réexamen,REQUEST_REVIEW,AUTHORIZED_TEST_USER,SECURITY_REVIEW_REQUESTED,,VDR_REQUEST_REVIEW
SERVICE_SCENARIO,VDR-03,VDR & Q&R,TAB_OVERVIEW,scenario-navigation,Situation,SWITCH_TAB,ANY_VISIBLE_USER,TAB_ACTIVE,,TAB_CHANGED
SERVICE_SCENARIO,VDR-03,VDR & Q&R,TAB_WORKFLOW,scenario-navigation,Parcours,SWITCH_TAB,ANY_VISIBLE_USER,TAB_ACTIVE,,TAB_CHANGED
SERVICE_SCENARIO,VDR-03,VDR & Q&R,TAB_CONTROLS,scenario-navigation,Contrôles & RACI,SWITCH_TAB,ANY_VISIBLE_USER,TAB_ACTIVE,,TAB_CHANGED
SERVICE_SCENARIO,VDR-03,VDR & Q&R,TAB_EVIDENCE,scenario-navigation,Preuves & audit,SWITCH_TAB,ANY_VISIBLE_USER,TAB_ACTIVE,,TAB_CHANGED
SERVICE_SCENARIO,VDR-03,VDR & Q&R,TAB_TESTS,scenario-navigation,Tests dev,SWITCH_TAB,ANY_VISIBLE_USER,TAB_ACTIVE,,TAB_CHANGED
SERVICE_SCENARIO,VDR-03,VDR & Q&R,PROFILE_SWITCH,dev-reference,Profil de test,SWITCH_TEST_PROFILE,DEV_REFERENCE,PROFILE_CHANGED,,PROFILE_CHANGED
SERVICE_SCENARIO,VDR-03,VDR & Q&R,MODAL_CLOSE,modal,Fermer,CLOSE_MODAL,ANY_VISIBLE_USER,MODAL_CLOSED,,MODAL_CLOSED
